"termo","frequencia"
"tecnologia",4626
"inovacao",4183
"desenvolvimento",2897
"empresas",1524
"projeto",1491
"atividades",1267
"tecnologica",1193
"financiamento",1100
"recursos",1099
"ciencia",985
"servicos",942
"instituicao",866
"tecnologico",762
"entidades",715
"apoio",694
"icts",626
"transferencia",599
"fomento",572
"meio",529
"produtos",513
"processos",509
"processo",496
"direito",495
"intelectual",473
"empreendedorismo",437
"execucao",437
"regulamento",425
"propriedade",424
"base",401
"fundacao",397
"gestao",397
"contrato",393
"instrumentos",383
"social",381
"prazo",379
"tecnologicos",375
"empresa",364
"estimulo",358
"privadas",349
"inovadores",341
"ambientes",337
"promover",337
"ambiente",334
"atividade",328
"medida",327
"entidade",324
"pessoa",322
"privado",322
"provisoria",322
"inclusive",320
"cento",317
"resultados",316
"incentivo",315
"outros",306
"contratos",304
"economico",304
"sistema",302
"direta",291
"desde",288
"produtivo",287
"incluido",286
"demais",281
"fundo",281
"produto",280
"objetivos",279
"interesse",278
"startups",275
"seja",274
"inventor",271
"objeto",271
"outras",271
"caso",270
"bens",267
"plano",263
"tenha",262
"licenciamento",260
"conselho",259
"qualquer",258
"conhecimento",257
"instrumento",255
"capital",254
"inovador",253
"lucrativos",252
"sociedade",248
"finalidade",244
"nesta",236
"voltadas",236
"conforme",233
"ensino",233
"humanos",232
"valor",231
"diretamente",230
"secretaria",229
"parques",228
"despesas",221
"pagamento",221
"programas",221
"refere",221
"ambito",220
"institucional",218
"parceria",218
"servico",217
"visando",216
"superior",213
"economica",204
"independente",203
"setor",203
"incubadoras",202
"natureza",201
"programa",196
"cooperacao",195
"privada",195
"apoiar",190
"promotores",190
"serem",189
"mecanismos",188
"revogado",188
"cargo",186
"mercado",186
"tecnologicas",185
"industrial",184
"indireta",182
"tecnico",180
"sustentabilidade",179
"fundos",178
"investimento",178
"receita",178
"diretrizes",173
"cada",172
"destinados",172
"juridica",172
"objetivo",172
"inovadoras",168
"pessoas",168
"estimular",167
"contas",166
"negocios",165
"trabalho",165
"equipamentos",164
"valores",164
"estabelecer",163
"normas",160
"direitos",157
"incentivos",156
"militar",156
"nacional",156
"decorrentes",154
"economia",154
"competitividade",153
"infraestrutura",153
"partir",152
"vide",152
"constitui",151
"legislativa",151
"tenham",151
"estabelecidos",150
"economicos",149
"novos",149
"termo",149
"deve",147
"servidor",146
"acordos",144
"medidas",143
"criador",141
"anos",139
"grande",139
"quanto",139
"comite",138
"encerrada",138
"incentivar",138
"sandbox",138
"estabelecidas",137
"efetivo",136
"municipios",136
"polos",136
"facultado",135
"governo",135
"materiais",135
"convenio",134
"procedimentos",132
"outorga",130
"icti",129
"porte",129
"protegida",129
"proprio",128
"nacionais",127
"nucleo",126
"arts",125
"juridico",125
"convenios",124
"encomenda",124
"tecnica",124
"empresarial",123
"pequeno",123
"representante",123
"emprego",122
"membros",122
"receitas",121
"aplica",120
"dois",119
"neste",119
"conhecimentos",118
"microempresas",118
"observadas",118
"somente",118
"origem",117
"risco",117
"sociais",117
"conjunto",115
"gestor",114
"hipotese",114
"participar",114
"contribuicao",113
"custos",111
"resultantes",110
"aperfeicoamento",109
"observado",109
"areas",108
"controle",108
"partes",108
"prestar",108
"bolsas",107
"representantes",107
"alcance",106
"aprovado",106
"compartilhamento",106
"contrapartida",106
"cumprimento",105
"fiscal",105
"qualidade",104
"acesso",103
"concedente",103
"estrategicas",103
"contratado",102
"regime",102
"empregado",101
"envolvam",101
"especial",101
"norte",101
"novas",101
"parcerias",101
"administrativa",100
"area",100
"prejuizo",100
"brasileiras",99
"estabelecida",99
"estaduais",99
"propria",99
"dados",98
"estrutura",98
"institucionais",98
"centros",97
"cinco",97
"devendo",96
"durante",96
"ganhos",96
"prioridades",96
"decorrente",95
"especializados",95
"final",95
"tratam",95
"devem",94
"investimentos",94
"conveni",93
"prever",93
"quais",93
"requisitos",93
"vigorar",93
"contratante",92
"relacionados",92
"cofins",91
"meses",91
"casos",90
"cidade",90
"difus",90
"expressa",90
"iodo",90
"outra",90
"sendo",89
"servidores",89
"anual",88
"cuja",88
"distrito",88
"fiscais",88
"observar",88
"permitir",88
"pessoal",88
"determinado",87
"existentes",87
"legais",87
"receber",87
"venda",87
"celebrar",86
"compat",86
"metas",86
"definidos",85
"eletr",85
"exclusivamente",85
"ocio",85
"afastamento",84
"assembleia",84
"efeito",84
"podero",84
"total",84
"aximo",83
"passa",83
"quaisquer",83
"unidade",83
"aplicados",82
"criativa",82
"desempenho",82
"podendo",82
"vistas",82
"alagoas",81
"atica",81
"comiss",81
"cultura",81
"design",81
"estudos",81
"formas",81
"referida",81
"tecnicos",81
"terceiros",81
"cujo",80
"eventuais",80
"exclusivo",80
"municipais",80
"resultado",80
"benefici",79
"bolsa",79
"conta",79
"estabelecido",79
"vigente",79
"vinculado",79
"firmados",78
"modelo",78
"pode",78
"seis",78
"terceiro",78
"ainda",77
"atender",77
"autoridade",77
"captulo",77
"conceder",77
"decis",77
"dias",77
"fomentar",77
"criadores",76
"oprias",76
"parte",76
"provenientes",76
"responsabilidade",76
"vedada",76
"autor",75
"avaliar",75
"concedida",75
"funcionamento",75
"imposto",75
"internacionais",75
"isica",75
"modelos",75
"oferta",75
"previs",75
"relat",75
"titularidade",75
"adicional",74
"especiais",74
"exterior",74
"idicos",74
"propostas",74
"alise",73
"edito",73
"exclusividade",73
"hiptese",73
"local",73
"brasil",72
"incluindo",72
"observada",72
"aplicada",71
"caracter",71
"criao",71
"definidas",71
"entes",71
"isicas",71
"municpio",71
"pedido",71
"sido",71
"vetado",71
"acre",70
"apurao",70
"cronograma",70
"fortalecimento",70
"importao",70
"instituio",70
"novo",70
"osito",70
"personalidade",70
"aplicao",69
"capacidade",69
"contribuies",69
"fatos",69
"ganho",69
"geradores",69
"iniciativas",69
"interno",69
"locais",69
"observados",69
"operacionais",69
"redes",69
"visem",69
"assegurada",68
"couber",68
"fornecimento",68
"inventores",68
"onico",68
"problema",68
"realizadas",68
"regulamentar",68
"ambiental",67
"auferidos",67
"cons",67
"contratada",67
"dispensa",67
"estar",67
"experimental",67
"fmcti",67
"geral",67
"isticas",67
"propor",67
"regras",67
"celebrado",66
"idicas",66
"permiss",66
"pertinente",66
"houver",65
"independentes",65
"onus",65
"referidos",65
"regional",65
"registro",65
"requerimentos",65
"sejam",65
"axima",64
"ceder",64
"centsimos",64
"internacional",64
"mato",64
"privados",64
"utilizar",64
"atendimento",63
"compete",63
"constituem",63
"grosso",63
"idos",63
"obtidos",63
"onio",63
"secti",63
"sempre",63
"edio",62
"limites",62
"participao",62
"presidente",62
"renda",62
"tratamento",62
"estrangeiras",61
"gerais",61
"miss",61
"modalidade",61
"obtentor",61
"ocorrer",61
"patrim",61
"processamento",61
"recebimento",61
"utilizados",61
"adquiridos",60
"aplicam",60
"aquisio",60
"destinada",60
"manter",60
"melhoria",60
"oveis",60
"pequenas",60
"suporte",60
"acompanhar",59
"lucro",59
"orcamento",59
"percentual",59
"quatro",59
"sergipe",59
"agentes",58
"arranjos",58
"assim",58
"aumento",58
"bruta",58
"contratar",58
"destinadas",58
"espacos",58
"execuo",58
"inovadora",58
"itulos",58
"legal",58
"macei",58
"modo",58
"reconhecida",58
"rgos",58
"solicitar",58
"vinculados",58
"administrativas",57
"compra",57
"continuidade",57
"entra",57
"estiver",57
"inculo",57
"isoladamente",57
"micro",57
"planos",57
"podem",57
"relevante",57
"atos",56
"elaborar",56
"idas",56
"legislao",56
"licenca",56
"mobili",56
"perodo",56
"rede",56
"testes",56
"amparo",55
"asica",55
"celebrados",55
"envolvidos",55
"institui",55
"ocupante",55
"referidas",55
"tecnicas",55
"comercial",54
"fdct",54
"incubadora",54
"oria",54
"proposta",54
"adotar",53
"aporte",53
"calendrio",53
"conformidade",53
"integrantes",53
"oportunidades",53
"parque",53
"precedida",53
"prefeitura",53
"previamente",53
"relativos",53
"sistemas",53
"suspenso",53
"tipi",53
"aracaju",52
"autorizada",52
"cess",52
"cmcti",52
"condies",52
"devidamente",52
"distrital",52
"finalidades",52
"inimo",52
"instituir",52
"problemas",52
"realizados",52
"salvador",52
"setoriais",52
"ajuste",51
"ausula",51
"cidades",51
"criar",51
"dirigente",51
"economicamente",51
"efici",51
"obrigatoriamente",51
"aplicando",50
"categoria",50
"cincia",50
"dentre",50
"legalmente",50
"nome",50
"obras",50
"patente",50
"pecuni",50
"setores",50
"trabalhos",50
"tributos",50
"universidade",50
"vari",50
"vida",50
"autorizado",49
"cear",49
"central",49
"considera",49
"conson",49
"inteligentes",49
"obter",49
"ocorridos",49
"realizar",49
"resultante",49
"sociedades",49
"voltados",49
"campo",48
"digital",48
"edital",48
"evia",48
"existente",48
"experimentais",48
"inclus",48
"instituies",48
"planejamento",48
"chefe",47
"dispor",47
"ecossistema",47
"empresariais",47
"integrado",47
"interessadas",47
"nova",47
"obedecer",47
"opolis",47
"outro",47
"paran",47
"pertinentes",47
"presente",47
"produtivos",47
"startup",47
"anterior",46
"aprovados",46
"caber",46
"exportao",46
"maior",46
"manaus",46
"pass",46
"possa",46
"proponente",46
"quotas",46
"realizada",46
"remunerao",46
"riscos",46
"sanciono",46
"aceleradoras",45
"ajustes",45
"competente",45
"concedidas",45
"criada",45
"cultivar",45
"expressamente",45
"florian",45
"ictese",45
"integrante",45
"itio",45
"oteses",45
"possibilidade",45
"prazos",45
"procedimento",45
"promotor",45
"antes",44
"benefcio",44
"considerada",44
"crdito",44
"efetuados",44
"escolha",44
"inova",44
"inteiros",44
"interessados",44
"mensur",44
"prestao",44
"relacionadas",44
"relao",44
"umero",44
"vinte",44
"carteira",43
"engenharia",43
"esteja",43
"estejam",43
"eventos",43
"exercer",43
"explorao",43
"forem",43
"fortaleza",43
"igual",43
"inclu",43
"norma",43
"participantes",43
"real",43
"saber",43
"ssss",43
"vendas",43
"alquotas",42
"ania",42
"anualmente",42
"constar",42
"contratantes",42
"depender",42
"diversos",42
"divulgar",42
"estados",42
"ideias",42
"iniciativa",42
"investidores",42
"juros",42
"limite",42
"pagamentos",42
"parceiro",42
"parcial",42
"regimento",42
"utilizao",42
"autorizados",41
"comunidade",41
"entrada",41
"finais",41
"garantir",41
"participante",41
"preferencialmente",41
"publicar",41
"regionais",41
"repes",41
"sede",41
"constituir",40
"eria",40
"estabelecimento",40
"funcional",40
"igualdade",40
"instalada",40
"integral",40
"monitoramento",40
"pblicas",40
"relativas",40
"seguranca",40
"viabilizar",40
"cont",39
"cooperativas",39
"empregados",39
"especialmente",39
"facilitar",39
"justificada",39
"obrigat",39
"regi",39
"vinculada",39
"acrescido",38
"alculo",38
"assegurados",38
"assegurar",38
"compromisso",38
"contratual",38
"decidir",38
"dentro",38
"eventual",38
"exclusiva",38
"fazenda",38
"gerir",38
"governanca",38
"grupos",38
"ictes",38
"incremental",38
"junto",38
"maranh",38
"meios",38
"mquinas",38
"oitenta",38
"porto",38
"tambm",38
"todas",38
"vantagem",38
"vedado",38
"viabilidade",38
"admitida",37
"ambientais",37
"apoiadas",37
"consideradas",37
"efetuado",37
"egicos",37
"encargos",37
"envolvendo",37
"gabinete",37
"isico",37
"paulo",37
"permanente",37
"sessenta",37
"simples",37
"territ",37
"acompanhamento",36
"adicionais",36
"ambio",36
"conjuntas",36
"crditos",36
"defesa",36
"estabelece",36
"justificativa",36
"multa",36
"operacional",36
"potencial",36
"principal",36
"proceder",36
"unidades",36
"aluno",35
"ampliar",35
"ativos",35
"cargos",35
"cinquenta",35
"cobertura",35
"condicionada",35
"conferir",35
"consumo",35
"corrente",35
"decorr",35
"dispensada",35
"disponibilidades",35
"efetiva",35
"emio",35
"favor",35
"ficar",35
"inteligente",35
"internet",35
"menos",35
"oportunidade",35
"orcios",35
"produtiva",35
"profissional",35
"recife",35
"reembolso",35
"resulte",35
"smcti",35
"sujeito",35
"tais",35
"tribut",35
"aliancas",34
"apresentar",34
"ativo",34
"automaticamente",34
"centro",34
"contemplar",34
"contribuinte",34
"correspondente",34
"despesa",34
"diferenciado",34
"dirigentes",34
"efetuada",34
"etapas",34
"executar",34
"faco",34
"finova",34
"futuro",34
"inima",34
"orias",34
"orientar",34
"vencimento",34
"afinidade",33
"agina",33
"assembl",33
"contado",33
"contados",33
"correlatas",33
"detentor",33
"diferentes",33
"dispositivo",33
"efetuadas",33
"entende",33
"estmulo",33
"gesto",33
"informar",33
"insumos",33
"licenciado",33
"matria",33
"novidade",33
"odigo",33
"publicidade",33
"tempo",33
"vantagens",33
"abertos",32
"aplicadas",32
"aprimoramento",32
"assist",32
"autarquias",32
"caracteriza",32
"contratao",32
"desigualdades",32
"devero",32
"ermino",32
"especfica",32
"forca",32
"minist",32
"plena",32
"recebidos",32
"ttulo",32
"auditoria",31
"comprometer",31
"computador",31
"consoante",31
"dbitos",31
"dcimos",31
"diretoria",31
"divulgados",31
"ecie",31
"egias",31
"enquadrado",31
"escala",31
"espaco",31
"estatuto",31
"etodos",31
"firmar",31
"indiretamente",31
"maro",31
"mista",31
"mora",31
"motivada",31
"objetiva",31
"opinar",31
"orcio",31
"pena",31
"permanentes",31
"poltica",31
"qualificados",31
"utilizado",31
"ajustados",30
"ancias",30
"autonomia",30
"benefcios",30
"clculo",30
"colaboradores",30
"competentes",30
"compras",30
"concedidos",30
"contribuam",30
"custeio",30
"definida",30
"ente",30
"especialistas",30
"estatutos",30
"fora",30
"incidentes",30
"istica",30
"municpios",30
"objetivem",30
"pedidos",30
"petroqumica",30
"prestadores",30
"publicao",30
"reais",30
"segundo",30
"senha",30
"texto",30
"transpar",30
"adotada",29
"aspx",29
"aticas",29
"classificados",29
"colaborativa",29
"concedido",29
"conceito",29
"coneciti",29
"conte",29
"cujos",29
"definir",29
"devido",29
"diariooficial",29
"diretor",29
"dispndios",29
"disposies",29
"dorn",29
"egia",29
"emenda",29
"equivalente",29
"garantia",29
"implica",29
"informao",29
"intensivo",29
"juridicas",29
"naturais",29
"oneroso",29
"preponderantemente",29
"proporcionalmente",29
"referentes",29
"relativa",29
"repassados",29
"reuni",29
"saldo",29
"soluo",29
"toda",29
"utilidade",29
"administrativo",28
"alcancados",28
"alegre",28
"bsico",28
"casa",28
"catarina",28
"classificadas",28
"composto",28
"concesso",28
"considerados",28
"considerando",28
"custeado",28
"decreta",28
"desafios",28
"experi",28
"extrato",28
"favorecido",28
"firmado",28
"geogr",28
"imobilizado",28
"integram",28
"inteira",28
"localizadas",28
"magist",28
"parceiros",28
"poss",28
"preliminares",28
"prestador",28
"previdenci",28
"priorit",28
"proteo",28
"realizao",28
"refer",28
"santa",28
"agio",27
"amazonas",27
"apenas",27
"aprovar",27
"beneficiria",27
"complexo",27
"configura",27
"contratados",27
"cujas",27
"curitiba",27
"descritas",27
"desses",27
"diferencial",27
"doze",27
"emiss",27
"encerrado",27
"envolvido",27
"equipe",27
"gerencial",27
"incorridas",27
"inculos",27
"inferior",27
"ingresso",27
"istico",27
"melhorias",27
"modalidades",27
"polo",27
"possam",27
"quarenta",27
"realize",27
"regularidade",27
"rendimentos",27
"respectivamente",27
"salvo",27
"seguridade",27
"terco",27
"tomado",27
"aberta",26
"amara",26
"assegurando",26
"atratividade",26
"considerado",26
"credenciamento",26
"criado",26
"critrios",26
"depreciao",26
"destinado",26
"direto",26
"econmica",26
"empregat",26
"executados",26
"fato",26
"governamentais",26
"humana",26
"incorporados",26
"incorporao",26
"indicados",26
"indicar",26
"inst",26
"interfira",26
"mandato",26
"mercados",26
"minoritariamente",26
"ocorrncia",26
"organismos",26
"ouvido",26
"participado",26
"perder",26
"pertencer",26
"prejuzo",26
"presenca",26
"presumido",26
"priorizar",26
"recolhimento",26
"referido",26
"remunerada",26
"signat",26
"tcnica",26
"teste",26
"alnea",25
"associadas",25
"atuem",25
"comprove",25
"conflite",25
"desenho",25
"destino",25
"fase",25
"incentivados",25
"interm",25
"material",25
"omicas",25
"petroqumicas",25
"preo",25
"produtor",25
"reas",25
"reconhecimento",25
"repasse",25
"sediadas",25
"simplificadas",25
"sistem",25
"subseqente",25
"unio",25
"voltado",25
"acarrete",24
"aplicvel",24
"assegurem",24
"bahia",24
"caracterizam",24
"carter",24
"chamamento",24
"comercialize",24
"contar",24
"controladas",24
"coordenar",24
"crescimento",24
"ercio",24
"erias",24
"esfera",24
"estatut",24
"executiva",24
"inclua",24
"inimas",24
"inteiro",24
"ltimo",24
"maneira",24
"membro",24
"mnimo",24
"mximo",24
"ncleo",24
"necessidades",24
"noticiar",24
"obrigaes",24
"observando",24
"permitida",24
"profissionais",24
"prorrogar",24
"prot",24
"requerimento",24
"seguir",24
"servir",24
"simplificado",24
"temas",24
"topografia",24
"trinta",24
"vencimentos",24
"visualizador",24
"zelar",24
"adeso",23
"aspecto",23
"carreiras",23
"centrais",23
"circuito",23
"conter",23
"contra",23
"contribuir",23
"culturais",23
"curso",23
"deis",23
"disciplinar",23
"econmico",23
"edias",23
"encaminhar",23
"eneres",23
"facultada",23
"fapern",23
"federais",23
"foro",23
"fundecti",23
"imulos",23
"indicadores",23
"liberdade",23
"mbito",23
"melhor",23
"periodicidade",23
"potenciais",23
"principais",23
"regulamentada",23
"servio",23
"subran",23
"sugerir",23
"taxa",23
"tribunal",23
"urbano",23
"ustria",23
"veto",23
"alquota",22
"altera",22
"analisar",22
"andamento",22
"anexo",22
"asseguradas",22
"assegurado",22
"baseados",22
"caracterizado",22
"cgena",22
"complementares",22
"constantes",22
"contribu",22
"correntes",22
"depende",22
"derivada",22
"dessas",22
"detentora",22
"encomendadas",22
"fixo",22
"funcionalidades",22
"governamental",22
"impacto",22
"impostos",22
"investidor",22
"inviabilidade",22
"lado",22
"mail",22
"nesses",22
"noventa",22
"parcelamento",22
"preco",22
"resultar",22
"tipo",22
"titular",22
"totalidade",22
"acio",21
"adotem",21
"almejado",21
"atores",21
"ausulas",21
"auxilia",21
"avancadas",21
"capacidades",21
"capitais",21
"certificado",21
"colegiado",21
"compreendem",21
"contato",21
"cooperao",21
"cooperativos",21
"custo",21
"daqueles",21
"dispositivos",21
"exist",21
"gestora",21
"gestoras",21
"humano",21
"icia",21
"incidncia",21
"invistam",21
"meramente",21
"mesma",21
"montante",21
"nascentes",21
"partilhada",21
"permitam",21
"piau",21
"poderes",21
"produtividade",21
"proferida",21
"redata",21
"regulatrio",21
"relevantes",21
"royalties",21
"sigilo",21
"similares",21
"solues",21
"substitui",21
"tocantins",21
"administrados",20
"administrativos",20
"afico",20
"aquisies",20
"arrecadados",20
"associar",20
"autorizadas",20
"cdigo",20
"comprovar",20
"const",20
"constituio",20
"csll",20
"dando",20
"destes",20
"enquadramento",20
"entrega",20
"erito",20
"essencialmente",20
"exerccio",20
"feira",20
"gerar",20
"hipteses",20
"importador",20
"individuais",20
"integrar",20
"judicial",20
"juventude",20
"linha",20
"lquido",20
"necessidade",20
"ofcio",20
"oferecendo",20
"parcela",20
"parcelas",20
"passam",20
"pblicos",20
"previdncia",20
"promoo",20
"receptor",20
"referente",20
"respeitados",20
"ressarcimento",20
"tcnico",20
"tecnicamente",20
"universit",20
"abil",19
"acumulado",19
"anica",19
"atribu",19
"aumentar",19
"automticas",19
"autoria",19
"baixar",19
"baseada",19
"cabe",19
"capacitao",19
"compreenda",19
"concurso",19
"condio",19
"conosco",19
"considerar",19
"decndio",19
"deduzidos",19
"diversificada",19
"efetividade",19
"eficiente",19
"especfico",19
"estendidas",19
"exceto",19
"exerca",19
"fapeal",19
"fixado",19
"garantidas",19
"gerados",19
"habilitao",19
"ilio",19
"implementar",19
"implicar",19
"incio",19
"incluir",19
"individual",19
"industrializao",19
"inicial",19
"jovens",19
"labs",19
"manifestar",19
"mencionados",19
"menor",19
"mobilirios",19
"nafta",19
"negociar",19
"orcamentos",19
"organizados",19
"oriundos",19
"patentes",19
"penal",19
"planejado",19
"produzidas",19
"prol",19
"realizado",19
"remanejamento",19
"representa",19
"requeridas",19
"setorial",19
"simplificada",19
"subsequente",19
"tributao",19
"vinculadas",19
"abertura",18
"acia",18
"anteriores",18
"anuais",18
"apoiada",18
"assuma",18
"banco",18
"cdigos",18
"clusters",18
"coletiva",18
"condicionado",18
"contendo",18
"credenciadas",18
"cria",18
"definido",18
"dispon",18
"dominante",18
"economicidade",18
"envio",18
"esferas",18
"especificar",18
"exercido",18
"exigncia",18
"fiit",18
"fomenta",18
"formal",18
"gerao",18
"haja",18
"industriais",18
"infor",18
"interesses",18
"interna",18
"legislativas",18
"mensagens",18
"nesse",18
"obtida",18
"oficiais",18
"onde",18
"pedcti",18
"progress",18
"proventos",18
"prprio",18
"recuperar",18
"refletida",18
"regimes",18
"registrada",18
"regulamentados",18
"relativamente",18
"relativo",18
"ressalvadas",18
"socioecon",18
"submeter",18
"suficiente",18
"surgimento",18
"utuos",18
"vice",18
"visa",18
"acarretar",17
"adensamento",17
"ametros",17
"apurado",17
"atuam",17
"cadastro",17
"classificar",17
"confianca",17
"consecutivos",17
"consultivo",17
"cotista",17
"credenciada",17
"deliberar",17
"demandas",17
"dispondo",17
"dispostos",17
"diversas",17
"ebts",17
"ecossistemas",17
"findo",17
"fiscalizar",17
"formular",17
"import",17
"incentivador",17
"indicadas",17
"instituto",17
"liberado",17
"linhas",17
"longo",17
"maioria",17
"mensal",17
"objetivando",17
"parecer",17
"prestaes",17
"probat",17
"reta",17
"reunir",17
"sada",17
"segmentos",17
"seguindo",17
"sete",17
"sinergias",17
"software",17
"subordine",17
"teclado",17
"tesouro",17
"testar",17
"varivel",17
"voto",17
"zero",17
"adequados",16
"agncias",16
"alocados",16
"ampla",16
"apls",16
"aportar",16
"apresentados",16
"aprovadas",16
"aprovao",16
"apurados",16
"assemelhado",16
"assuntos",16
"atingimento",16
"autora",16
"autorizar",16
"auxiliar",16
"beneficiado",16
"calculados",16
"cancelamento",16
"cesso",16
"civis",16
"colaborar",16
"constitutivos",16
"cpsi",16
"criadas",16
"cumulativamente",16
"cursos",16
"delegadas",16
"demonstrativo",16
"dinheiro",16
"disponibilidade",16
"distritos",16
"doador",16
"editado",16
"elaborado",16
"elementos",16
"empregos",16
"encontrar",16
"exigir",16
"fazer",16
"federativa",16
"feitas",16
"font",16
"fortalecer",16
"fundet",16
"grau",16
"ilios",16
"impessoalidade",16
"incremento",16
"indicado",16
"inerentes",16
"insumo",16
"inveno",16
"inventora",16
"legislativos",16
"licitao",16
"mensais",16
"minorit",16
"obrigado",16
"obtentora",16
"opia",16
"ordin",16
"organizaes",16
"oriunda",16
"pago",16
"patrimoniais",16
"pernambuco",16
"preferencial",16
"prestados",16
"promovendo",16
"propiciar",16
"reduo",16
"reduzir",16
"requerida",16
"respeitadas",16
"seict",16
"simplificados",16
"solicitado",16
"tcnicas",16
"urbana",16
"zona",16
"abertas",15
"aceita",15
"adoo",15
"afastar",15
"ambos",15
"arranjo",15
"aspectos",15
"atingidos",15
"autorizao",15
"avaliao",15
"buscam",15
"classe",15
"compartilhada",15
"compensado",15
"consolidao",15
"convenente",15
"criatividade",15
"cumprir",15
"depositados",15
"desafio",15
"detidas",15
"devidas",15
"devidos",15
"digitais",15
"dotar",15
"ebitos",15
"editais",15
"encerramento",15
"envolvem",15
"etanol",15
"expans",15
"expresso",15
"feita",15
"fixados",15
"formao",15
"fsica",15
"fundaes",15
"fundao",15
"funecti",15
"gerada",15
"identificados",15
"impactos",15
"independentemente",15
"indstrias",15
"inform",15
"informaes",15
"institutos",15
"intuito",15
"isicos",15
"ministrio",15
"moldes",15
"nomeados",15
"obteno",15
"operaes",15
"ordem",15
"organizacional",15
"orientam",15
"otipos",15
"palmas",15
"penais",15
"perante",15
"permitido",15
"portteis",15
"posies",15
"prefer",15
"primeira",15
"primeiro",15
"promovam",15
"promovido",15
"prpria",15
"prprios",15
"quadro",15
"reconhecidos",15
"repassar",15
"rotineira",15
"royalty",15
"secretarias",15
"seletivo",15
"sofrer",15
"soldo",15
"theme",15
"titulares",15
"transformar",15
"tributria",15
"turismo",15
"agente",14
"alto",14
"aportes",14
"apresentadas",14
"aprimorar",14
"aprovou",14
"balanco",14
"beneficiados",14
"captados",14
"chisci",14
"colateral",14
"comandante",14
"condicionar",14
"constru",14
"contratuais",14
"convers",14
"descumprimento",14
"determinao",14
"dispe",14
"disponibilizar",14
"duas",14
"efetuar",14
"eiii",14
"entrar",14
"envolva",14
"eteno",14
"exercida",14
"faturamento",14
"funo",14
"global",14
"habitats",14
"importados",14
"incentivado",14
"institudo",14
"insucesso",14
"insuficiente",14
"legados",14
"limitada",14
"moralidade",14
"municipalidade",14
"nenhum",14
"obrigados",14
"onia",14
"paga",14
"parciais",14
"part",14
"pret",14
"produtivas",14
"produza",14
"razo",14
"regulamentos",14
"representativas",14
"responsvel",14
"revis",14
"riquezas",14
"rural",14
"salvaguardas",14
"santo",14
"silva",14
"situadas",14
"suficientes",14
"suplentes",14
"suspens",14
"troca",14
"alcancar",13
"alteraes",13
"aplicar",13
"apoiados",13
"asico",13
"assinar",13
"atingido",13
"atuao",13
"baixado",13
"buscando",13
"canal",13
"caracterizados",13
"ciclo",13
"coisas",13
"comisso",13
"competitiva",13
"competitivo",13
"consignadas",13
"contemplem",13
"contr",13
"contribuintes",13
"convnios",13
"correr",13
"credit",13
"cultural",13
"desobrigado",13
"dezoito",13
"disruptiva",13
"egico",13
"elaborados",13
"elaborao",13
"empr",13
"empres",13
"envolver",13
"epoca",13
"escrit",13
"fale",13
"fsico",13
"gastos",13
"habilitada",13
"ictesps",13
"impeditivo",13
"incerto",13
"instaladas",13
"julgamento",13
"mobilidade",13
"monitorar",13
"oferecem",13
"organizada",13
"orientadas",13
"patrimnio",13
"propeno",13
"prototipagem",13
"prova",13
"realidade",13
"recurso",13
"relacionamento",13
"responsabilidades",13
"reteno",13
"saldos",13
"sampa",13
"seguro",13
"subsidiar",13
"ttulos",13
"ucleos",13
"ultimos",13
"uncia",13
"uniformizadas",13
"usufruir",13
"vers",13
"vista",13
"aceleradora",12
"acess",12
"acompanhado",12
"ades",12
"administrar",12
"agropecu",12
"alterados",12
"alternativas",12
"alternativo",12
"aperfeicoar",12
"aperfeioamento",12
"aplicveis",12
"aprendizagem",12
"aprovada",12
"atuar",12
"autos",12
"breve",12
"butadieno",12
"cabendo",12
"carreira",12
"citinova",12
"colaborativos",12
"competncias",12
"componentes",12
"compreender",12
"conceitos",12
"conex",12
"consideram",12
"consolidado",12
"consultoria",12
"contidas",12
"cooperativo",12
"criaes",12
"criativo",12
"declarao",12
"decorrido",12
"decretou",12
"delegada",12
"destinar",12
"efetivamente",12
"eficaz",12
"egica",12
"eletrnico",12
"emica",12
"emitir",12
"enquanto",12
"especficos",12
"especificao",12
"esprito",12
"etico",12
"excepcionalmente",12
"executor",12
"exera",12
"experimentos",12
"fixa",12
"franca",12
"fundamentado",12
"gratuita",12
"icipes",12
"inadimpl",12
"incidente",12
"integralmente",12
"isticos",12
"legalidade",12
"mantidas",12
"mercadorias",12
"negcios",12
"notas",12
"objetos",12
"obtido",12
"oito",12
"omissos",12
"onicos",12
"pagos",12
"paranaense",12
"paulista",12
"possibilitem",12
"posterior",12
"precos",12
"quest",12
"recolher",12
"referem",12
"registros",12
"regulada",12
"regulamentado",12
"regulamentao",12
"residentes",12
"respeitado",12
"respeito",12
"sucesso",12
"tanto",12
"tela",12
"venha",12
"venham",12
"windows",12
"abeis",11
"acelerada",11
"adquirente",11
"adquirido",11
"afins",11
"agncia",11
"agregado",11
"ampliao",11
"apresentado",11
"aticos",11
"atraem",11
"bancos",11
"beneficiada",11
"benzeno",11
"brasileiro",11
"buteno",11
"caracterizadas",11
"carlos",11
"centmetros",11
"ciclos",11
"cminova",11
"completo",11
"conferidas",11
"consecutivas",11
"constitucional",11
"contbil",11
"convnio",11
"correlata",11
"correspondentes",11
"dbito",11
"deliberativo",11
"destinao",11
"diretos",11
"docente",11
"econmicos",11
"editos",11
"ento",11
"equivalentes",11
"estimativa",11
"estrangeiros",11
"estudantes",11
"eventualmente",11
"excluso",11
"exercam",11
"exigido",11
"externos",11
"facilitem",11
"fornecedores",11
"gerador",11
"gerenciamento",11
"goiana",11
"guarda",11
"haver",11
"importadora",11
"imveis",11
"incerteza",11
"indeterminado",11
"indstria",11
"isopreno",11
"jornada",11
"locao",11
"manuteno",11
"melhorar",11
"necessariamente",11
"normal",11
"obrigada",11
"ocasio",11
"ofertados",11
"operao",11
"ordinariamente",11
"orto",11
"pagar",11
"paraxileno",11
"parcialmente",11
"pareceres",11
"pasta",11
"patrimonial",11
"peri",11
"pioneiras",11
"plataforma",11
"plen",11
"possuem",11
"potencialidades",11
"prioritariamente",11
"produzidos",11
"proponentes",11
"quadrados",11
"quinze",11
"registrado",11
"secitece",11
"societria",11
"subsidi",11
"substituto",11
"suplente",11
"tero",11
"territorial",11
"tolueno",11
"tomada",11
"transporte",11
"utilidades",11
"verificar",11
"vitria",11
"xileno",11
"agregam",10
"alienao",10
"almejados",10
"alta",10
"amaras",10
"anjo",10
"aparelhos",10
"apis",10
"apresentada",10
"assessorar",10
"assessoria",10
"associados",10
"ativa",10
"atribuies",10
"beneficirio",10
"canais",10
"captar",10
"celebrarem",10
"certame",10
"chamada",10
"combate",10
"comercializao",10
"companheiro",10
"compatibilidade",10
"competncia",10
"compromissos",10
"concedentes",10
"concomitantemente",10
"confidencialidade",10
"consanguinidade",10
"conselheiros",10
"conselhos",10
"consequente",10
"constituda",10
"constitudos",10
"consulta",10
"consulte",10
"contexto",10
"contratadas",10
"convenincia",10
"correta",10
"crime",10
"decorrncia",10
"deduzidas",10
"designado",10
"desse",10
"detentoras",10
"determinar",10
"diferena",10
"diferenciais",10
"dimens",10
"diminuir",10
"direcionada",10
"dispensadas",10
"domiciliados",10
"durao",10
"dvida",10
"emitidas",10
"escal",10
"estiverem",10
"estruturas",10
"evitar",10
"executado",10
"exemplo",10
"exigidos",10
"extenso",10
"foco",10
"fone",10
"fontes",10
"formalizada",10
"formalizar",10
"formalmente",10
"gere",10
"grupo",10
"icms",10
"ictvs",10
"iees",10
"implantao",10
"indiretos",10
"indispens",10
"industrializados",10
"informado",10
"irregularidade",10
"item",10
"ivida",10
"laboratrios",10
"lanamento",10
"leves",10
"ligados",10
"limitado",10
"liquidao",10
"lucrativa",10
"lugares",10
"mecanismo",10
"mensagem",10
"microempreendedores",10
"mouse",10
"multas",10
"ocorr",10
"onjuge",10
"oprios",10
"organizacionais",10
"organizar",10
"otipo",10
"pactuadas",10
"padr",10
"parente",10
"passivo",10
"penalidades",10
"perda",10
"planejada",10
"polticas",10
"ponto",10
"popular",10
"possui",10
"predial",10
"preos",10
"prioridade",10
"provimento",10
"qualificao",10
"recebedora",10
"recebidas",10
"regimental",10
"regulamenta",10
"remunerado",10
"resolver",10
"ressalvada",10
"ressarcido",10
"resultando",10
"secretrio",10
"semente",10
"sexta",10
"style",10
"sujeitas",10
"tabela",10
"taxas",10
"tecn",10
"teresina",10
"totalmente",10
"unica",10
"vencidos",10
"verificada",10
"vezes",10
"vigil",10
"vincendos",10
"vise",10
"aberto",9
"abrangida",9
"acrescentado",9
"adequada",9
"algo",9
"aplicado",9
"aplicaes",9
"aproveitamento",9
"assumida",9
"atenda",9
"atingir",9
"atue",9
"campanhas",9
"caracterizada",9
"cecti",9
"clientes",9
"cmara",9
"companhia",9
"composta",9
"comprovados",9
"computadores",9
"comuns",9
"conciteci",9
"consolidada",9
"construo",9
"consultar",9
"consultiva",9
"contabilidade",9
"contribuindo",9
"cooperativa",9
"credenciados",9
"criados",9
"criativos",9
"critrio",9
"dano",9
"deliberativa",9
"demonstrativos",9
"desembolso",9
"disciplina",9
"disciplinado",9
"disciplinados",9
"encaminhadas",9
"encomendas",9
"energia",9
"escriturao",9
"espcie",9
"etapa",9
"externo",9
"fabricante",9
"fecti",9
"fixadas",9
"formado",9
"fsicas",9
"garantindo",9
"gerenciados",9
"gestores",9
"hidrocarbonetos",9
"horas",9
"iess",9
"imediatamente",9
"implantar",9
"imvel",9
"incentivadas",9
"incentivem",9
"incluidos",9
"incluso",9
"inovativo",9
"instalados",9
"instalao",9
"integrada",9
"integrao",9
"lazer",9
"lquida",9
"maiores",9
"mantidos",9
"marcos",9
"metodologias",9
"minas",9
"modificado",9
"monteiro",9
"necessrios",9
"negativa",9
"nitt",9
"normativo",9
"notadamente",9
"ocorrido",9
"onerosos",9
"original",9
"otimizar",9
"percentuais",9
"plurianual",9
"possuam",9
"possuir",9
"potencializam",9
"preservando",9
"pretendido",9
"program",9
"proporcionem",9
"proporo",9
"providncias",9
"revogada",9
"seguros",9
"setenta",9
"sminova",9
"socioambiental",9
"subveno",9
"sujeitos",9
"suplementares",9
"testagem",9
"transparente",9
"tratar",9
"verde",9
"vnculo",9
"acolhidas",8
"acrescidos",8
"alcancadas",8
"apido",8
"aprova",8
"associada",8
"autarquia",8
"autoridades",8
"aval",8
"brasileira",8
"buscar",8
"caracterizem",8
"caractersticas",8
"celebrao",8
"cidadania",8
"clusula",8
"cobrana",8
"cofres",8
"colaborao",8
"comerciais",8
"competir",8
"complexidade",8
"compreendendo",8
"comprovada",8
"comprovem",8
"comum",8
"comunicao",8
"comunicar",8
"confer",8
"conjunta",8
"conselheiro",8
"consrcio",8
"constitudo",8
"controladores",8
"converso",8
"cumulativa",8
"dado",8
"datacenter",8
"declaratrio",8
"decurso",8
"dedicados",8
"deduo",8
"defici",8
"demonstrar",8
"destacarem",8
"determinados",8
"disciplinada",8
"dispensas",8
"distinta",8
"diverso",8
"divulgao",8
"dotada",8
"dotadas",8
"eixos",8
"elevado",8
"enero",8
"enquadradas",8
"enquadrem",8
"essenciais",8
"estruturados",8
"facilitado",8
"family",8
"fatores",8
"fiducirio",8
"formalidades",8
"formato",8
"formul",8
"formulao",8
"fraude",8
"fundamentada",8
"fundamentais",8
"gerenciais",8
"horizonte",8
"identificar",8
"implementada",8
"importaes",8
"importncias",8
"incertezas",8
"inea",8
"ineas",8
"informe",8
"infra",8
"inovaes",8
"inovafor",8
"interessada",8
"licitat",8
"limpas",8
"lista",8
"livremente",8
"livro",8
"mantenha",8
"mantida",8
"mercadol",8
"mesmos",8
"ministro",8
"motivo",8
"mpar",8
"mxima",8
"necessrias",8
"nits",8
"nmero",8
"ocupa",8
"ofertado",8
"optar",8
"organizao",8
"orientada",8
"orum",8
"pagas",8
"participativa",8
"percebidas",8
"permisso",8
"prevejam",8
"previso",8
"procuradoria",8
"profissionalizante",8
"proporcionar",8
"propostos",8
"propriet",8
"prote",8
"prover",8
"prprias",8
"quantidade",8
"quinta",8
"qumicas",8
"recolhidas",8
"refinaria",8
"regidas",8
"registrados",8
"reguladora",8
"repasses",8
"repblica",8
"representar",8
"represente",8
"ropor",8
"saneamento",8
"sanit",8
"segurados",8
"semelhantes",8
"significativo",8
"similar",8
"submetida",8
"submetido",8
"subposio",8
"substitu",8
"teor",8
"transparentes",8
"tributrio",8
"vdeo",8
"acompanh",7
"acumulada",7
"administradores",7
"admiss",7
"afica",7
"agenda",7
"alcanados",7
"alneas",7
"amaz",7
"amortizao",7
"anteriormente",7
"antiga",7
"aoart",7
"articulam",7
"associado",7
"atacadista",7
"atas",7
"atendidos",7
"atingidas",7
"atrair",7
"atualizado",7
"atuando",7
"auditorias",7
"auferir",7
"autoriza",7
"beneficiadas",7
"bsica",7
"busquem",7
"butano",7
"calibri",7
"categorias",7
"cibern",7
"compensao",7
"comprovao",7
"comrcio",7
"comunh",7
"concentrada",7
"conclus",7
"concretos",7
"consolidar",7
"constante",7
"constitutivo",7
"continuar",7
"contrapartidas",7
"conveniados",7
"cooperar",7
"coordenado",7
"costa",7
"creative",7
"cultivares",7
"daquelas",7
"debates",7
"decide",7
"deciso",7
"decorridos",7
"dedicadas",7
"demanda",7
"desburocratizar",7
"dessa",7
"devida",7
"dificuldade",7
"discriminados",7
"dispensado",7
"disponham",7
"dividida",7
"ecti",7
"educao",7
"elegibilidade",7
"embalagens",7
"enere",7
"engajamento",7
"ensaios",7
"equidade",7
"escrito",7
"espaos",7
"especficas",7
"especificaes",7
"estabeleca",7
"estimos",7
"estipulado",7
"etano",7
"excel",7
"excluda",7
"executa",7
"expedido",7
"experimento",7
"express",7
"extraordinariamente",7
"false",7
"falta",7
"ferramentas",7
"ficando",7
"formalizao",7
"fruio",7
"futuros",7
"gasosas",7
"gerem",7
"habitantes",7
"harmonia",7
"havendo",7
"ictmgs",7
"ifes",7
"imobilirio",7
"impactem",7
"impedimentos",7
"implementadas",7
"incorporam",7
"incubadas",7
"indice",7
"individualmente",7
"inicialmente",7
"inios",7
"instalado",7
"instalaes",7
"integridade",7
"interestaduais",7
"interestadual",7
"introduo",7
"investem",7
"iptu",7
"iquota",7
"isolada",7
"isonomia",7
"julgado",7
"juntamente",7
"jurdicos",7
"lavagem",7
"ligadas",7
"mantido",7
"mencionadas",7
"mensalmente",7
"metodologia",7
"mobilizadoras",7
"monitor",7
"motivos",7
"mulheres",7
"natural",7
"nove",7
"obedecido",7
"oferecido",7
"ologo",7
"omiss",7
"oramento",7
"pactuado",7
"papel",7
"particular",7
"particulares",7
"percebidos",7
"periodicamente",7
"planta",7
"plataformas",7
"pleno",7
"posio",7
"possvel",7
"posteriores",7
"preceitos",7
"premissas",7
"presidir",7
"pretendida",7
"princpios",7
"priorizadas",7
"produtora",7
"professor",7
"propano",7
"proposto",7
"protocolo",7
"protocolos",7
"providenciar",7
"provis",7
"publicados",7
"reembols",7
"regular",7
"regularmente",7
"relatrio",7
"remanejar",7
"representada",7
"revender",7
"revoga",7
"revogados",7
"santos",7
"scti",7
"segmento",7
"seguradora",7
"seguradoras",7
"sensvel",7
"submetendo",7
"submetidas",7
"subs",7
"substituio",7
"substituir",7
"sudam",7
"suspensa",7
"suspensos",7
"tablet",7
"tema",7
"temporariamente",7
"tiver",7
"toque",7
"trabalhista",7
"tradicional",7
"transpor",7
"trimestre",7
"ucti",7
"ustrias",7
"validade",7
"vantajosas",7
"varejista",7
"virtuais",7
"virtual",7
"vitrine",7
"voltada",7
"votos",7
"ypiranga",7
"abrangidos",6
"absoluta",6
"acelerado",6
"acessrias",6
"acion",6
"acionistas",6
"acreana",6
"acreano",6
"acrescenta",6
"adequado",6
"adicionado",6
"adin",6
"afego",6
"aficos",6
"ageis",6
"agendar",6
"agende",6
"alises",6
"anonimizados",6
"antecipe",6
"apresentam",6
"apropriados",6
"apuradas",6
"arrendamento",6
"articular",6
"asicas",6
"assistncia",6
"atendam",6
"atraso",6
"atribuir",6
"auferido",6
"avaliado",6
"baixando",6
"bandes",6
"baseadas",6
"belo",6
"bidi",6
"bolsistas",6
"cadastrado",6
"calculadas",6
"caputdeste",6
"carta",6
"cedente",6
"char",6
"cinova",6
"claro",6
"coabilitada",6
"cobertas",6
"cobrar",6
"coletivo",6
"comando",6
"companhias",6
"compor",6
"compreens",6
"comprobat",6
"comunidades",6
"concessionria",6
"concorda",6
"concordo",6
"concreto",6
"conduzido",6
"conectividade",6
"consiste",6
"constitucionais",6
"contemplando",6
"contratualmente",6
"coordenador",6
"credor",6
"criativas",6
"criminal",6
"cumpridas",6
"declara",6
"declarados",6
"decretos",6
"dedicada",6
"derivados",6
"desconto",6
"descrita",6
"desempenhar",6
"designados",6
"designs",6
"desperdcios",6
"devam",6
"diesel",6
"difundir",6
"diogrande",6
"direcionado",6
"direcionados",6
"diretriz",6
"dispensar",6
"distribuidor",6
"distribuio",6
"dividendos",6
"divulgado",6
"dolo",6
"domiciliada",6
"domiciliadas",6
"domstico",6
"doravante",6
"durar",6
"ebito",6
"editadas",6
"eduardo",6
"eltrica",6
"encontro",6
"enfase",6
"entraremos",6
"enviada",6
"envolvidas",6
"esforco",6
"especializadas",6
"especificidades",6
"esquecido",6
"estimulando",6
"estruturar",6
"estudo",6
"eviii",6
"evio",6
"excludos",6
"excluir",6
"executante",6
"exigida",6
"exii",6
"expedir",6
"exportadora",6
"extintas",6
"fabricado",6
"fabricados",6
"favorecer",6
"fechamento",6
"federativos",6
"feitos",6
"firmada",6
"fixar",6
"formalizado",6
"fornecidas",6
"fornecidos",6
"frente",6
"fundect",6
"gera",6
"geridos",6
"gozo",6
"gratuito",6
"habilitar",6
"honor",6
"hospitais",6
"hubs",6
"humanas",6
"ictescs",6
"icteses",6
"ictis",6
"idade",6
"idio",6
"inadimplemento",6
"incluem",6
"inclui",6
"incorporadora",6
"incorridos",6
"incubao",6
"indicada",6
"indireto",6
"informada",6
"inovativos",6
"institudas",6
"intelectuais",6
"interao",6
"internas",6
"interveni",6
"investidos",6
"isentas",6
"isoladas",6
"jardim",6
"jovem",6
"junta",6
"jurdico",6
"lancados",6
"lcool",6
"levando",6
"licenciar",6
"licitante",6
"ligue",6
"lima",6
"limitem",6
"localidades",6
"login",6
"mandatos",6
"manifestao",6
"marca",6
"maria",6
"mdia",6
"mencionado",6
"mesa",6
"metropolitana",6
"microempresa",6
"minor",6
"misso",6
"modernizao",6
"modificar",6
"moeda",6
"mtodos",6
"mundial",6
"navegando",6
"ndice",6
"normativos",6
"nossos",6
"observat",6
"ocupantes",6
"oferecer",6
"onica",6
"optante",6
"outorgado",6
"ovel",6
"pactuados",6
"parcelamentos",6
"participarem",6
"patamar",6
"patronais",6
"perceber",6
"perfil",6
"perman",6
"personalizar",6
"pertencentes",6
"phth",6
"pobreza",6
"polietileno",6
"portaria",6
"positivo",6
"povo",6
"preconceito",6
"prejudique",6
"presidentes",6
"procurador",6
"programadas",6
"proteger",6
"quadros",6
"qualificadas",6
"racial",6
"realiza",6
"receba",6
"reduzidos",6
"refino",6
"reger",6
"registradas",6
"reguladas",6
"regulado",6
"rejeitadas",6
"remanescente",6
"remoto",6
"representativos",6
"resduos",6
"resoluo",6
"responder",6
"retido",6
"retorno",6
"revenda",6
"revertidos",6
"rotina",6
"saques",6
"sediada",6
"selecionadas",6
"servi",6
"sicti",6
"sigilosas",6
"sigiloso",6
"situao",6
"size",6
"smit",6
"socialmente",6
"socioambientais",6
"soma",6
"spin",6
"stio",6
"sucedam",6
"sudene",6
"sugest",6
"sujeita",6
"superintendncia",6
"superiores",6
"supervis",6
"tange",6
"teamviewer",6
"tecno",6
"trabalhistas",6
"tradicionais",6
"transitada",6
"tratados",6
"tributo",6
"unia",6
"utilizada",6
"utilizamos",6
"vierem",6
"volume",6
"volunt",6
"vulner",6
"abaixo",5
"abrangidas",5
"academia",5
"acerca",5
"adica",5
"administrador",5
"adotado",5
"aduaneiro",5
"advindos",5
"agricultura",5
"alvo",5
"ampliem",5
"anico",5
"anlise",5
"aplicativos",5
"apoiado",5
"aportados",5
"apresentao",5
"apresentem",5
"articulado",5
"assalariado",5
"assessoramento",5
"associadamente",5
"associaes",5
"assumir",5
"assuno",5
"avanco",5
"aximos",5
"baixo",5
"bases",5
"beneficirios",5
"bras",5
"bruto",5
"burocr",5
"cabveis",5
"caixa",5
"calculada",5
"catarinense",5
"causado",5
"cbico",5
"celebrada",5
"chefia",5
"cido",5
"cinqenta",5
"circunstanciada",5
"circunstanciado",5
"clara",5
"classificada",5
"classificao",5
"coleta",5
"coletividade",5
"compartilhado",5
"comprovado",5
"comunicado",5
"concit",5
"conciti",5
"conclu",5
"concursos",5
"condenados",5
"condensado",5
"condom",5
"consectet",5
"conseguir",5
"consignar",5
"constituindo",5
"continuamente",5
"contornar",5
"contrataes",5
"controlado",5
"conveniado",5
"converte",5
"cran",5
"credenciado",5
"credenciar",5
"decidida",5
"decorrer",5
"definio",5
"delimitados",5
"denominada",5
"denominado",5
"derivativos",5
"descontar",5
"descontinuado",5
"descontinuidade",5
"descrever",5
"desvinculados",5
"detalhado",5
"determinada",5
"diferenciados",5
"dinamismo",5
"direcionadas",5
"dirigido",5
"discuss",5
"dispens",5
"disponibilizados",5
"disseminar",5
"diversa",5
"doao",5
"editar",5
"efetivar",5
"eficcia",5
"eleitos",5
"elencados",5
"eletrnicos",5
"emico",5
"emitido",5
"encaminhamento",5
"endereco",5
"entendem",5
"entendimento",5
"equipamento",5
"ericos",5
"escimos",5
"esforcos",5
"especialidade",5
"especializada",5
"espor",5
"esporte",5
"estatutrio",5
"estimados",5
"estimar",5
"estipular",5
"estratgicas",5
"estruturado",5
"eticas",5
"evoluo",5
"exceder",5
"excepcional",5
"excetuados",5
"exclu",5
"exclus",5
"executora",5
"exportadoras",5
"exportaes",5
"expostas",5
"extrajudicial",5
"faca",5
"falimentar",5
"falncia",5
"fases",5
"feito",5
"fiel",5
"filho",5
"fisicamente",5
"fluxo",5
"formais",5
"formar",5
"funcionais",5
"fundamento",5
"gasolina",5
"gerando",5
"hospedagem",5
"identidade",5
"identificado",5
"igualmente",5
"iido",5
"imediata",5
"impedidos",5
"implique",5
"imunidade",5
"incidiro",5
"incumbe",5
"indissoci",5
"indivis",5
"infraestrutural",5
"iniciados",5
"inimos",5
"inovaju",5
"instituiu",5
"inte",5
"interagir",5
"interessado",5
"internos",5
"interrompida",5
"interrompidos",5
"irregularidades",5
"irrestrito",5
"irrevogvel",5
"iseno",5
"itens",5
"ividades",5
"julgadas",5
"justificado",5
"laboratoriais",5
"laboratorial",5
"levem",5
"liberados",5
"limpeza",5
"linear",5
"luiz",5
"mantenham",5
"margem",5
"matriculado",5
"matriz",5
"melo",5
"mencionada",5
"mento",5
"mesmas",5
"metro",5
"mnimas",5
"mnimos",5
"momento",5
"monet",5
"mudancas",5
"multiparticipativos",5
"nato",5
"negcio",5
"nogueira",5
"nota",5
"observncia",5
"odica",5
"odicas",5
"oficinas",5
"organiza",5
"organizadas",5
"originado",5
"oscilaes",5
"papis",5
"paraense",5
"parcelados",5
"parmetro",5
"patrocinador",5
"pecas",5
"penalidade",5
"pereira",5
"permite",5
"pertencem",5
"peso",5
"plantas",5
"plurianuais",5
"pois",5
"possibilitar",5
"potencializar",5
"praticados",5
"presidido",5
"prestadas",5
"prestado",5
"prioritrios",5
"priorizando",5
"privilegiar",5
"procederem",5
"produtores",5
"profissionalizantes",5
"programada",5
"progresso",5
"promulgo",5
"proveniente",5
"quarto",5
"quilos",5
"quinzena",5
"quotista",5
"racional",5
"recebido",5
"reconhecidas",5
"regies",5
"regramento",5
"regula",5
"regulamentaes",5
"regulares",5
"remuneradas",5
"remuneraes",5
"requerem",5
"requisito",5
"rescis",5
"resciso",5
"resgate",5
"respeitada",5
"respeitando",5
"respeite",5
"responde",5
"ressalvas",5
"restituio",5
"ricardo",5
"scios",5
"sebrae",5
"sectet",5
"sedi",5
"segredo",5
"segurado",5
"selecionados",5
"senhor",5
"sexual",5
"significativamente",5
"sistemtica",5
"smart",5
"smula",5
"solicitao",5
"subscrio",5
"subscrito",5
"tarifas",5
"temporria",5
"terrenos",5
"territrio",5
"testagens",5
"topo",5
"tornar",5
"torno",5
"trabalhadores",5
"tracar",5
"transportes",5
"transversalidade",5
"tratado",5
"turmas",5
"ultrapassar",5
"urbanismo",5
"usuais",5
"utilizadas",5
"utilize",5
"vede",5
"vereadores",5
"viabilize",5
"vigsimo",5
"vivos",5
"vulnerabilidade",5
"vulto",5
"abater",4
"abrangendo",4
"acabado",4
"acessos",4
"acompanhada",4
"acordante",4
"acrescidas",4
"acumulao",4
"admitido",4
"adotadas",4
"adotam",4
"adotando",4
"adotaro",4
"adquirida",4
"afasta",4
"agregao",4
"agregar",4
"alcan",4
"alcanado",4
"alogas",4
"aludidas",4
"alvar",4
"alves",4
"anexada",4
"angariar",4
"animais",4
"anjos",4
"anlises",4
"ante",4
"antonio",4
"aparas",4
"apreci",4
"apreciar",4
"aptas",4
"apurada",4
"apurar",4
"apure",4
"artes",4
"articulada",4
"ascii",4
"ataques",4
"atendero",4
"ativas",4
"atrao",4
"atravs",4
"auferida",4
"avaliada",4
"avaliador",4
"bahiainveste",4
"balano",4
"bancria",4
"behavior",4
"bombeiros",4
"cadeia",4
"calculado",4
"campos",4
"cancelado",4
"capazes",4
"carbono",4
"carburantes",4
"caridade",4
"catarinenses",4
"celebr",4
"celulares",4
"certames",4
"certificados",4
"chegar",4
"clnicas",4
"clubes",4
"clusulas",4
"coabilitao",4
"cobrir",4
"colaboram",4
"colaborativo",4
"coletivas",4
"colhidos",4
"colocar",4
"combatam",4
"comercializar",4
"companheiros",4
"compatvel",4
"competindo",4
"compilado",4
"compostas",4
"compreendidas",4
"concede",4
"concepo",4
"concerne",4
"concomitante",4
"concretizar",4
"conduzidos",4
"confere",4
"confessados",4
"conflito",4
"conhecimen",4
"consect",4
"consecti",4
"consecuo",4
"construdos",4
"consultas",4
"contabilizadas",4
"contido",4
"contingenciamento",4
"contradit",4
"controlada",4
"controlador",4
"controladoria",4
"controlar",4
"convenentes",4
"convergir",4
"convidar",4
"cooperada",4
"corpo",4
"cotistas",4
"coworkings",4
"criadoras",4
"cultos",4
"cumulatividade",4
"cunho",4
"curto",4
"custear",4
"danos",4
"daquele",4
"deduzir",4
"default",4
"deferimento",4
"delimitadas",4
"democr",4
"demonstrao",4
"denominar",4
"depositadas",4
"depsito",4
"descontadas",4
"descrio",4
"descrito",4
"descritos",4
"desenbahia",4
"desenhos",4
"deslocamento",4
"desnature",4
"detenha",4
"determinadas",4
"dezesseis",4
"diferenciadas",4
"difuso",4
"direcionar",4
"diretora",4
"dirio",4
"disciplinadas",4
"discricionariedade",4
"disponha",4
"disponibilizado",4
"disso",4
"distribudos",4
"diversificao",4
"diversificar",4
"documentao",4
"domiclio",4
"dotado",4
"duzentos",4
"ecnol",4
"ecnologia",4
"edica",4
"edificados",4
"editada",4
"efetivados",4
"egressos",4
"elaboradas",4
"eleger",4
"emendas",4
"emisso",4
"empate",4
"encerrar",4
"endereo",4
"endio",4
"envolverem",4
"envolvimento",4
"equil",4
"esas",4
"escalonamento",4
"escolhidos",4
"escopo",4
"esgotado",4
"espao",4
"especializado",4
"esperado",4
"estabelecam",4
"estabelecem",4
"estabelecendo",4
"estadua",4
"estat",4
"estatais",4
"estmulos",4
"estrangeira",4
"estudar",4
"etica",4
"eticos",4
"etrica",4
"excelent",4
"execu",4
"executada",4
"exigncias",4
"experientes",4
"explora",4
"explorem",4
"externa",4
"externas",4
"fabricao",4
"facilitadora",4
"faculdade",4
"fapi",4
"fechadas",4
"fina",4
"firmadas",4
"fizerem",4
"fomentando",4
"formulador",4
"fornecedor",4
"fornecer",4
"frequentes",4
"funcionar",4
"fundes",4
"futura",4
"gerido",4
"governos",4
"habilidades",4
"hansi",4
"henrique",4
"herancas",4
"hist",4
"honra",4
"ibrio",4
"idades",4
"idealizadores",4
"ideia",4
"identificadas",4
"identifiquem",4
"idios",4
"iduos",4
"igenas",4
"igrejas",4
"iguais",4
"iiido",4
"imento",4
"imobiliria",4
"impeca",4
"impedimento",4
"impessoais",4
"implementado",4
"importada",4
"importem",4
"impostas",4
"impulsionem",4
"inaptas",4
"incentivadores",4
"incorporar",4
"indevida",4
"indevidamente",4
"indevidos",4
"indicando",4
"indicao",4
"individualizada",4
"induzir",4
"informativo",4
"iniciar",4
"inovativa",4
"inscrio",4
"inscrito",4
"inscritos",4
"inseridas",4
"instalar",4
"instit",4
"instru",4
"intensivas",4
"interagem",4
"interior",4
"internacionalizao",4
"internamente",4
"intimao",4
"inuo",4
"iodos",4
"iquido",4
"irrecorr",4
"irregulares",4
"irretratvel",4
"issqn",4
"iticos",4
"jacentes",4
"judiciais",4
"julgados",4
"justica",4
"justificar",4
"latin",4
"leal",4
"leite",4
"lideradas",4
"limitadas",4
"limitar",4
"livros",4
"localizados",4
"localmente",4
"magistrio",4
"mant",4
"marcello",4
"mercantil",4
"microrganismos",4
"microrregies",4
"milhes",4
"militares",4
"minimizar",4
"mobilizar",4
"movimentados",4
"movimentar",4
"mtuo",4
"multilaterais",4
"multiprofissional",4
"mutuante",4
"nelson",4
"nessas",4
"nomes",4
"none",4
"nordeste",4
"normativas",4
"notificao",4
"ntes",4
"nunes",4
"obedecero",4
"obedecidas",4
"objetivados",4
"obrigao",4
"obrigatoriedade",4
"ocorra",4
"ogeno",4
"olio",4
"oliveira",4
"onomo",4
"oramentos",4
"oramentria",4
"oramentrias",4
"ordenada",4
"organizado",4
"orientados",4
"originrios",4
"oriundas",4
"oruns",4
"ouii",4
"ouvidos",4
"parentes",4
"participa",4
"passveis",4
"perfeita",4
"permita",4
"permitem",4
"perspectiva",4
"piloto",4
"posse",4
"posto",4
"postos",4
"praticada",4
"precedem",4
"preliminarmente",4
"presentes",4
"presta",4
"prestadora",4
"prestadoras",4
"pretendidos",4
"previdencirios",4
"principalmente",4
"privilegiando",4
"probabilidade",4
"produ",4
"promotora",4
"promova",4
"proporcional",4
"propsito",4
"prosseguimento",4
"protegido",4
"prvia",4
"punida",4
"qualitativos",4
"quantitativo",4
"queiram",4
"quitao",4
"qumica",4
"razoabilidade",4
"reagentes",4
"reajuste",4
"realizam",4
"reconhecer",4
"recuperao",4
"recusadas",4
"referncia",4
"refis",4
"regidos",4
"regimentos",4
"regio",4
"regra",4
"regulamentadas",4
"relacionada",4
"religiosos",4
"remotamente",4
"renovar",4
"representando",4
"representativa",4
"reprodutivo",4
"requerente",4
"responsabilizar",4
"respostas",4
"rever",4
"reverter",4
"revogam",4
"riqueza",4
"rogao",4
"rotinas",4
"rubricas",4
"sanada",4
"sanar",4
"secretariado",4
"sefaz",4
"seiscentos",4
"semestrais",4
"semin",4
"sensu",4
"sentido",4
"sidagro",4
"significativos",4
"sindicatos",4
"sistematizada",4
"submetidos",4
"subordinado",4
"subsequentes",4
"subst",4
"substancial",4
"super",4
"superintendente",4
"tampouco",4
"teses",4
"tido",4
"tomadas",4
"tornando",4
"traduzam",4
"tratadas",4
"tratando",4
"trezentos",4
"tstyle",4
"ubli",4
"ultrapasse",4
"uncias",4
"unidas",4
"unilateral",4
"urban",4
"urbanos",4
"usualmente",4
"usufrudo",4
"utilizem",4
"vendido",4
"venture",4
"verificao",4
"viabilizadora",4
"viol",4
"virtude",4
"wilson",4
"abranger",3
"abrir",3
"abuso",3
"acelerao",3
"acima",3
"acionista",3
"acolhimento",3
"acompanharem",3
"acumulados",3
"adaptadas",3
"adas",3
"adequar",3
"administra",3
"administrado",3
"admitir",3
"advocacia",3
"aficas",3
"agilidade",3
"agregando",3
"agrupamento",3
"ajuizada",3
"ajustamento",3
"alavancagem",3
"alavanquem",3
"alberto",3
"algum",3
"alianas",3
"alinhamento",3
"alterar",3
"alternados",3
"alunos",3
"amaznia",3
"ambas",3
"ambitos",3
"amite",3
"amparar",3
"ampli",3
"ando",3
"anexos",3
"antecipado",3
"anuncia",3
"apida",3
"aportou",3
"aposentadoria",3
"apreciada",3
"aproveitando",3
"arcabouco",3
"arquitetura",3
"arrecadado",3
"articipar",3
"articulador",3
"articulados",3
"ascens",3
"assemelhados",3
"assessor",3
"assinados",3
"assume",3
"atitudes",3
"atua",3
"atualizada",3
"atualizadas",3
"atualizao",3
"audit",3
"ausncia",3
"autenticada",3
"avanadas",3
"avenidas",3
"avit",3
"baixa",3
"balancetes",3
"balco",3
"baro",3
"biodiversidade",3
"biotecnologia",3
"boas",3
"branco",3
"braslia",3
"bruno",3
"burocracias",3
"cadastrais",3
"campanha",3
"capacita",3
"capes",3
"captao",3
"carvalho",3
"causa",3
"causados",3
"cearapar",3
"cearense",3
"cect",3
"cedido",3
"cedidos",3
"celebre",3
"celeridade",3
"cial",3
"classificado",3
"classificveis",3
"coeficiente",3
"comercializa",3
"compartilhados",3
"compatveis",3
"complementa",3
"complexos",3
"componham",3
"compreende",3
"compreenso",3
"comprovante",3
"comunicada",3
"comunicadas",3
"concentra",3
"conclusivo",3
"concluso",3
"condicionantes",3
"confaz",3
"configurando",3
"congneres",3
"congresso",3
"congressos",3
"conjuntamente",3
"consequ",3
"considere",3
"consiga",3
"consistir",3
"consorciada",3
"consumidor",3
"contabilizado",3
"contabilmente",3
"contagem",3
"convertem",3
"convidados",3
"copeiragem",3
"corresponder",3
"cotas",3
"creditados",3
"crimes",3
"criou",3
"ctmi",3
"culminar",3
"cumprida",3
"custeada",3
"custeados",3
"dades",3
"deferimentos",3
"define",3
"definitivo",3
"delegue",3
"deliberaes",3
"deliberao",3
"delimitado",3
"demandar",3
"dependentes",3
"dependncias",3
"depreciado",3
"desembaraco",3
"desenvo",3
"designar",3
"designers",3
"desonerar",3
"desportivos",3
"dest",3
"destaque",3
"destinando",3
"destine",3
"desvio",3
"detalhes",3
"determine",3
"devoluo",3
"devolvidos",3
"diagnosticar",3
"diferido",3
"diferimento",3
"dignidade",3
"direo",3
"diret",3
"diretores",3
"dispensando",3
"disponibilizada",3
"disponveis",3
"distritais",3
"ditames",3
"divis",3
"doado",3
"doutorado",3
"doutores",3
"duplicidade",3
"duzentas",3
"ecol",3
"educacionais",3
"educativo",3
"efetivas",3
"efetivos",3
"egide",3
"elevada",3
"elevar",3
"embalagem",3
"embrapii",3
"ementa",3
"emergentes",3
"emicas",3
"emicos",3
"emitida",3
"emitindo",3
"empoderamento",3
"empre",3
"encomendado",3
"encontra",3
"encontros",3
"englobar",3
"enquadrados",3
"enquadrar",3
"entroncamento",3
"entures",3
"enviar",3
"esar",3
"escolar",3
"escolher",3
"escrita",3
"especificado",3
"especificamente",3
"esperados",3
"estatal",3
"estimadas",3
"estimula",3
"estimulem",3
"estireno",3
"esto",3
"estrangeiro",3
"estruturadas",3
"etodo",3
"etricas",3
"evidenciar",3
"exame",3
"excetuada",3
"executadas",3
"exercidas",3
"existncia",3
"exito",3
"exitoso",3
"expectativa",3
"expedida",3
"expediente",3
"expl",3
"extraordin",3
"face",3
"faixas",3
"falhas",3
"fapespa",3
"fator",3
"federa",3
"federada",3
"feiras",3
"figurar",3
"finaisart",3
"finalstica",3
"focadas",3
"focam",3
"fomentado",3
"fortale",3
"fortalecendo",3
"fortuito",3
"franquear",3
"freitas",3
"fsicos",3
"funcion",3
"fundamentados",3
"fundamentando",3
"garantias",3
"garantidos",3
"geradas",3
"gerado",3
"gerenciando",3
"gerncia",3
"gica",3
"goianas",3
"goiano",3
"gratificaes",3
"gratuitamente",3
"guardar",3
"guardarem",3
"habitat",3
"homologao",3
"icitos",3
"iculo",3
"iculos",3
"igena",3
"iida",3
"iiida",3
"imagens",3
"imbolos",3
"impedem",3
"impedida",3
"importar",3
"importe",3
"imprevistos",3
"inalienabilidade",3
"incentivada",3
"incidir",3
"includas",3
"inclusivo",3
"incorporadas",3
"incrementais",3
"independncia",3
"indevido",3
"inequ",3
"influ",3
"informtica",3
"infraestruturas",3
"infralegal",3
"iniciais",3
"inio",3
"insecas",3
"instaurados",3
"instaurar",3
"instncias",3
"insuscet",3
"integrando",3
"integre",3
"integrem",3
"intensificar",3
"interferir",3
"intermdio",3
"intermunicipal",3
"intr",3
"inven",3
"investida",3
"investido",3
"investir",3
"iproca",3
"ipua",3
"iquida",3
"isenta",3
"ison",3
"issimo",3
"ivadas",3
"ivdo",3
"ividas",3
"ivoco",3
"judici",3
"julgada",3
"juniores",3
"jurisdio",3
"justificativas",3
"juvenil",3
"juvenis",3
"juventudes",3
"legisl",3
"levar",3
"lgbtqia",3
"liberao",3
"liberar",3
"licen",3
"licena",3
"licencas",3
"licitaes",3
"lido",3
"ligada",3
"locatrio",3
"logstico",3
"lopes",3
"lotado",3
"magnitude",3
"magntico",3
"makerspaces",3
"mantendo",3
"marcas",3
"margin",3
"martins",3
"mdio",3
"melhorados",3
"melhoramento",3
"melhores",3
"mencionar",3
"mensurvel",3
"mentores",3
"mestrado",3
"mestres",3
"metade",3
"microempreendedor",3
"milh",3
"mnima",3
"modems",3
"moradores",3
"moreira",3
"mostrarem",3
"mpresas",3
"multiplicadores",3
"muni",3
"ncleos",3
"necessita",3
"necessitem",3
"negociada",3
"negociadas",3
"nele",3
"nessa",3
"njunto",3
"nocaput",3
"nomeadas",3
"normativa",3
"normatizando",3
"norteadores",3
"norteiam",3
"nvel",3
"obedecem",3
"objetivam",3
"objetivamente",3
"obra",3
"observem",3
"ocasi",3
"ocorre",3
"ocupar",3
"oeste",3
"oferece",3
"ofertadas",3
"ofertando",3
"omenos",3
"omissa",3
"onerosa",3
"onjuges",3
"onomos",3
"opara",3
"operando",3
"opes",3
"optantes",3
"ordenado",3
"ordenador",3
"ordenamento",3
"organismo",3
"orgnica",3
"orientado",3
"origin",3
"oriundo",3
"ositos",3
"otimizados",3
"ouro",3
"outorgada",3
"ouvida",3
"pactuao",3
"palcio",3
"palestras",3
"parceira",3
"parcelado",3
"parcelar",3
"parlamentares",3
"participe",3
"passvel",3
"pecu",3
"permitidas",3
"permut",3
"perodos",3
"pertenca",3
"pesca",3
"pespa",3
"pesqui",3
"pessoais",3
"planejadas",3
"planejar",3
"pleiteado",3
"pleitear",3
"pontos",3
"populao",3
"portabilidade",3
"porventura",3
"posicionamento",3
"positiva",3
"positivas",3
"positivos",3
"possibilitando",3
"posteriormente",3
"potencializando",3
"potiguar",3
"praticar",3
"precedido",3
"preconizados",3
"prejudicar",3
"presencial",3
"presencialmente",3
"preservem",3
"prestarem",3
"pretende",3
"previdencirio",3
"prim",3
"prima",3
"primar",3
"processuais",3
"produtoras",3
"produzam",3
"produzindo",3
"produzir",3
"profiss",3
"progressivo",3
"promotoras",3
"promove",3
"promovem",3
"propositiva",3
"propositivo",3
"prorrogados",3
"provas",3
"prudencial",3
"psicossocial",3
"publique",3
"qualitativamente",3
"quarta",3
"quinhentos",3
"quitado",3
"quitados",3
"raca",3
"ramo",3
"recolhido",3
"recolhimentos",3
"recomendado",3
"recomendar",3
"reconhecido",3
"reforma",3
"regem",3
"registre",3
"regul",3
"reguladoras",3
"regulados",3
"regularizar",3
"regule",3
"rels",3
"remanescentes",3
"remetido",3
"remiss",3
"remunera",3
"remunerados",3
"renato",3
"reparos",3
"repercuss",3
"repet",3
"representadas",3
"representatividades",3
"representem",3
"reprogr",3
"reservas",3
"residenciais",3
"residente",3
"resili",3
"resinas",3
"respeitar",3
"responsveis",3
"ressalvados",3
"restituir",3
"restringe",3
"restrita",3
"resultam",3
"retidos",3
"retornar",3
"revertam",3
"revertida",3
"revertidas",3
"revista",3
"roberto",3
"roman",3
"roteadores",3
"santana",3
"scio",3
"sebasti",3
"segurana",3
"seleo",3
"selo",3
"semestralmente",3
"semtradi",3
"seplan",3
"signatrios",3
"simplificao",3
"sinergia",3
"sites",3
"smartphone",3
"sobrevivncia",3
"solicitada",3
"solicitados",3
"sozinho",3
"stricto",3
"subchefia",3
"subconta",3
"submet",3
"subordinada",3
"subordinadas",3
"subordinados",3
"sucessivamente",3
"suplementadas",3
"suprir",3
"suspender",3
"suspenses",3
"suspensivo",3
"table",3
"talentos",3
"tarefas",3
"telefone",3
"telefones",3
"telefonia",3
"terminais",3
"testado",3
"thememanager",3
"times",3
"tiverem",3
"tividade",3
"tornem",3
"transcorrido",3
"transmiss",3
"tratamentos",3
"treinamento",3
"treinamentos",3
"trimestralmente",3
"turista",3
"uisa",3
"ultrapassarem",3
"unicipal",3
"ursos",3
"usam",3
"utilizando",3
"valer",3
"validado",3
"vantajosa",3
"varejo",3
"variao",3
"vedao",3
"vegetativas",3
"vejamos",3
"velocidade",3
"vencedor",3
"verba",3
"vereador",3
"vetor",3
"viabiliza",3
"viabilizados",3
"viabilizem",3
"vido",3
"vier",3
"vigentes",3
"viido",3
"viiido",3
"vinila",3
"visam",3
"visibilidade",3
"visita",3
"vossa",3
"abastecimento",2
"abelecidas",2
"abio",2
"aborto",2
"abrange",2
"abrangncia",2
"acadmica",2
"aceit",2
"aceitabilidade",2
"acelerar",2
"acertadas",2
"acerto",2
"acervo",2
"acetona",2
"acionria",2
"acompanhadas",2
"acontecer",2
"acordada",2
"acreanas",2
"acreanos",2
"acrefaco",2
"acrescentados",2
"acrescida",2
"acrscimos",2
"acumular",2
"adequao",2
"ader",2
"aderente",2
"aderirem",2
"adimplemento",2
"aditamento",2
"aditivo",2
"adjunto",2
"admi",2
"admin",2
"administ",2
"administradora",2
"administrativamente",2
"admitidas",2
"adora",2
"ados",2
"adota",2
"adotados",2
"adquiriram",2
"adventure",2
"advocat",2
"advogados",2
"aeronaves",2
"afastado",2
"aferida",2
"aferio",2
"afeta",2
"afetados",2
"agencias",2
"aglomerado",2
"aglomerados",2
"agua",2
"ajuizado",2
"alagoana",2
"alcolicas",2
"algbrica",2
"alguma",2
"alian",2
"alienante",2
"alimentar",2
"almeida",2
"alocao",2
"alocar",2
"alrn",2
"alterador",2
"alterao",2
"alternativamente",2
"alumnio",2
"amapaense",2
"amites",2
"amortizado",2
"amostra",2
"amostragem",2
"amparadas",2
"amparado",2
"ampliando",2
"amplo",2
"amrica",2
"analisada",2
"anatomia",2
"andr",2
"andrade",2
"anexadas",2
"anidrido",2
"ansito",2
"antecedncia",2
"antecipadas",2
"antever",2
"aparecida",2
"aperfeicoado",2
"aperfeicoamentos",2
"aplice",2
"aplique",2
"apliquem",2
"apontar",2
"apreciao",2
"apresenta",2
"apresentando",2
"aprimorado",2
"aprimorados",2
"apropriada",2
"apropriado",2
"aprovisionamento",2
"apurarem",2
"aquisitivo",2
"armazenagem",2
"arquica",2
"arquivado",2
"arquivamento",2
"arti",2
"articuladas",2
"articulando",2
"articulao",2
"artificial",2
"assegu",2
"assento",2
"assespro",2
"assimetrias",2
"assinado",2
"assinatura",2
"assinaturas",2
"assinem",2
"assistenciais",2
"assumido",2
"atendida",2
"atendidas",2
"atex",2
"atico",2
"atinentes",2
"ativida",2
"atra",2
"atrelado",2
"atribudos",2
"atribuio",2
"atualizados",2
"audiovisual",2
"auferidas",2
"augusto",2
"autenticidade",2
"autnomos",2
"auto",2
"autom",2
"automao",2
"automtica",2
"autopeas",2
"autorais",2
"auxiliam",2
"avalia",2
"avaliando",2
"aviso",2
"avulso",2
"bahiafarma",2
"baiana",2
"baianos",2
"banners",2
"barbosa",2
"baseado",2
"batista",2
"bebidas",2
"bibliogr",2
"bienalmente",2
"bioeconomia",2
"bnus",2
"bolsista",2
"borges",2
"botnico",2
"botnicos",2
"butanol",2
"cabral",2
"cadastral",2
"cadastramento",2
"cadastros",2
"cadernetas",2
"caderno",2
"cadin",2
"cados",2
"caetano",2
"cais",2
"calamidade",2
"cameligovernador",2
"cancelada",2
"cancelar",2
"captado",2
"caputdever",2
"caracterizando",2
"caracterize",2
"cardoso",2
"cartazes",2
"carto",2
"ccdefesa",2
"cent",2
"centrada",2
"centralizada",2
"certo",2
"chamadas",2
"chumbo",2
"cidas",2
"cide",2
"cien",2
"cincias",2
"cionais",2
"circulao",2
"circular",2
"citada",2
"citados",2
"cities",2
"citolgica",2
"city",2
"clean",2
"climticos",2
"cluster",2
"cnjuges",2
"cobranca",2
"cobre",2
"cogefit",2
"coisa",2
"colaborador",2
"colaborando",2
"colegiados",2
"colocado",2
"coluna",2
"comandos",2
"combinado",2
"combustveis",2
"comemorado",2
"comercializ",2
"comercializadas",2
"comercializados",2
"comercio",2
"companhar",2
"comparativa",2
"comparativo",2
"compartilhamentos",2
"compartilharem",2
"compatibilizando",2
"competividade",2
"completa",2
"comportamentais",2
"compreendido",2
"compromete",2
"comprometidas",2
"comprovando",2
"computacionais",2
"computadas",2
"computados",2
"conceber",2
"concedem",2
"concedendo",2
"conceitual",2
"concentrado",2
"concesses",2
"concessionrias",2
"concite",2
"concuss",2
"condicionados",2
"condutas",2
"confiana",2
"confidencial",2
"configurado",2
"conhecer",2
"conhecidos",2
"consecu",2
"consequentemente",2
"consignando",2
"consistente",2
"consistentes",2
"consolidados",2
"consonncia",2
"consrcios",2
"constatada",2
"constatado",2
"conste",2
"constem",2
"constitucionalista",2
"consultrios",2
"contador",2
"contempladas",2
"contemplado",2
"content",2
"contextos",2
"contida",2
"continuada",2
"continuado",2
"contnuo",2
"contraparte",2
"contrata",2
"contribudo",2
"contribui",2
"convencionados",2
"conversvel",2
"convertam",2
"convier",2
"convite",2
"convocado",2
"cooperativismo",2
"coordena",2
"coordenada",2
"coordenadoria",2
"coordenao",2
"corresponde",2
"corretiva",2
"corrigido",2
"cota",2
"criarem",2
"criminais",2
"cristina",2
"cristo",2
"cultivos",2
"cumpre",2
"custas",2
"custdia",2
"customizados",2
"custosos",2
"cutivo",2
"dade",2
"debater",2
"debaterem",2
"declarado",2
"declarat",2
"decoro",2
"decorre",2
"dedicam",2
"dedicao",2
"dedique",2
"deduzido",2
"definies",2
"definiram",2
"definitions",2
"definitiva",2
"deixou",2
"delegados",2
"deliberativas",2
"democracia",2
"democratizao",2
"demodelo",2
"demonstrada",2
"denominados",2
"depositado",2
"depositria",2
"depress",2
"depsitos",2
"desacordo",2
"descentralizados",2
"descentralizao",2
"descobertas",2
"desconhecer",2
"descontos",2
"descredenciamento",2
"desdobramento",2
"dese",2
"desembolsados",2
"desempenhadas",2
"desenvol",2
"designada",2
"desist",2
"desnecess",2
"despendem",2
"despendidos",2
"destacadas",2
"destartups",2
"destas",2
"destina",2
"destinam",2
"destinat",2
"destinem",2
"desvinculada",2
"detalhadas",2
"detentores",2
"deter",2
"determina",2
"determinaes",2
"determinantes",2
"deva",2
"devedor",2
"deveres",2
"dicloroetano",2
"direit",2
"disciplinando",2
"discursos",2
"dispo",2
"disponibilizam",2
"disposi",2
"dispostas",2
"dist",2
"distinto",2
"distribu",2
"distribuies",2
"distribuir",2
"divulga",2
"divulgando",2
"dobro",2
"docentes",2
"dominada",2
"doras",2
"dotaes",2
"drogas",2
"dual",2
"durarem",2
"dvidas",2
"econmicas",2
"ectual",2
"ecursos",2
"edes",2
"edia",2
"editorial",2
"efeti",2
"efetivada",2
"efetivando",2
"efetivao",2
"efetuou",2
"eficientes",2
"eixo",2
"electual",2
"eletrnica",2
"eliberar",2
"elula",2
"embasar",2
"emergncia",2
"emers",2
"emisses",2
"empregatcio",2
"empregue",2
"encaminhados",2
"encargo",2
"encarregado",2
"encerrados",2
"enci",2
"enderecamento",2
"endimentos",2
"enquadre",2
"ensejando",2
"enti",2
"entorno",2
"enumeradas",2
"envasamento",2
"envolvida",2
"epagri",2
"equilbrio",2
"equipes",2
"eresse",2
"erro",2
"erros",2
"ertura",2
"ervicos",2
"escalabilidade",2
"escassez",2
"esclarecimentos",2
"escola",2
"escolas",2
"escolhida",2
"escolhidas",2
"escolhido",2
"esenvolvimento",2
"especificidade",2
"esportes",2
"esportistas",2
"esportivas",2
"esquerda",2
"estabele",2
"estanho",2
"estatudo",2
"estgio",2
"estiagem",2
"estimado",2
"estimo",2
"estipulados",2
"estivesse",2
"estra",2
"estratgias",2
"estruturais",2
"estruturao",2
"estudante",2
"esultados",2
"etricos",2
"evandro",2
"evas",2
"exceo",2
"excesso",2
"excetua",2
"excludo",2
"excusso",2
"executantes",2
"executoras",2
"executores",2
"exemplificativo",2
"exeram",2
"exigidas",2
"exigveis",2
"exijam",2
"existe",2
"existindo",2
"expandir",2
"expedidor",2
"expedita",2
"exploradoras",2
"explorar",2
"expostos",2
"extinto",2
"extrajudicialmente",2
"extrema",2
"extremos",2
"exvi",2
"fabricam",2
"facam",2
"facilitadoras",2
"facilitadores",2
"facilitam",2
"faixa",2
"faltas",2
"fapeam",2
"fapepi",2
"fapt",2
"farmacuticos",2
"favorecidos",2
"favorveis",2
"fechada",2
"fecomercio",2
"federacre",2
"federados",2
"federalart",2
"federalportal",2
"fernando",2
"ferreira",2
"ferro",2
"fiduciria",2
"figura",2
"filial",2
"fique",2
"fiscalizador",2
"fixando",2
"fixao",2
"fixos",2
"flex",2
"fluminense",2
"focada",2
"fomentados",2
"formalizadas",2
"formalizados",2
"formarem",2
"formatos",2
"formuladas",2
"fornecido",2
"fortalecam",2
"forte",2
"francisco",2
"frao",2
"fraudes",2
"fulcro",2
"fundamentadas",2
"fundamental",2
"fundamentar",2
"fundamentos",2
"fundectes",2
"funes",2
"furlan",2
"futuras",2
"gamboa",2
"games",2
"garagem",2
"garantido",2
"geraram",2
"gerenciar",2
"gerente",2
"geri",2
"geridas",2
"gico",2
"gladson",2
"gomes",2
"govern",2
"governana",2
"graduao",2
"grandes",2
"granfpolis",2
"gratuitos",2
"gravidez",2
"graxos",2
"greca",2
"guia",2
"hardware",2
"heranca",2
"homologados",2
"hora",2
"horrio",2
"ibainova",2
"identit",2
"idias",2
"idricos",2
"iects",2
"iidos",2
"ilia",2
"imbolo",2
"imetro",2
"imicas",2
"impedido",2
"impeditiva",2
"impessoal",2
"implanta",2
"implemente",2
"importncia",2
"impossibilidade",2
"impresso",2
"improbidade",2
"impulsionar",2
"impulso",2
"imputados",2
"inabilitada",2
"incentivando",2
"incluam",2
"inclusi",2
"inclusiva",2
"inconstitucional",2
"incorpora",2
"incorporaes",2
"incorre",2
"incrementar",2
"indeferimento",2
"indica",2
"indicam",2
"indicativo",2
"indices",2
"indiretamen",2
"indiretas",2
"industrializado",2
"indutor",2
"inexist",2
"inferiores",2
"informa",2
"informados",2
"informal",2
"informativos",2
"infrao",2
"ingressaram",2
"inovado",2
"inpi",2
"inqu",2
"inseriu",2
"insero",2
"instala",2
"instaurado",2
"institudos",2
"instrumental",2
"insuscetveis",2
"integradas",2
"intel",2
"inteligncia",2
"intempestivas",2
"intensiva",2
"intensivos",2
"interdisciplinares",2
"interes",2
"interessar",2
"intermedi",2
"intermediar",2
"interst",2
"introduzido",2
"intuita",2
"inua",2
"invento",2
"inventrio",2
"iricos",2
"isento",2
"isqn",2
"itico",2
"itios",2
"itps",2
"ivos",2
"ixdos",2
"izos",2
"jacente",2
"jesus",2
"joomla",2
"justificadas",2
"labore",2
"ladeira",2
"lancamento",2
"lancar",2
"larga",2
"lastreada",2
"lastreados",2
"laudo",2
"lcoois",2
"legislatura",2
"legislaturas",2
"legitimao",2
"liberada",2
"liberatria",2
"lica",2
"licenas",2
"licenciam",2
"lidade",2
"lideranca",2
"limitados",2
"liter",2
"livramento",2
"lotados",2
"loteamento",2
"lquidos",2
"lsas",2
"ltima",2
"lula",2
"lvimento",2
"macedo",2
"machado",2
"magalh",2
"manufaturados",2
"manufaturas",2
"marcus",2
"massa",2
"mauro",2
"mcti",2
"mdias",2
"mdicos",2
"median",2
"mediant",2
"medicamentos",2
"meia",2
"melhora",2
"melhorado",2
"mello",2
"mendes",2
"mensurao",2
"mensurar",2
"mentoria",2
"mercadoria",2
"meta",2
"metlicos",2
"microsoft",2
"microsoftinternetexplorer",2
"milho",2
"minado",2
"minuta",2
"minutos",2
"mitigar",2
"mobiliria",2
"moda",2
"modens",2
"modernizar",2
"modificada",2
"modificaes",2
"modificao",2
"moedas",2
"monetariamente",2
"montantes",2
"moradia",2
"moratrias",2
"mormente",2
"morte",2
"mortos",2
"mostrar",2
"motivadamente",2
"motivado",2
"motivou",2
"mouses",2
"mpresa",2
"msonormaltable",2
"mtuos",2
"mudanca",2
"multado",2
"multidisciplinares",2
"multinacionais",2
"multiparticipativas",2
"multiplicado",2
"multiplicador",2
"munici",2
"musicais",2
"mveis",2
"name",2
"nativos",2
"natura",2
"nceiros",2
"ndbox",2
"ndices",2
"necessitar",2
"negativas",2
"negociao",2
"negra",2
"negros",2
"nela",2
"neles",2
"nenhuma",2
"nestas",2
"neto",2
"neves",2
"nham",2
"nica",2
"nologia",2
"nominal",2
"norm",2
"normais",2
"normalmente",2
"nortear",2
"novidades",2
"nquel",2
"ntidades",2
"ntos",2
"ntrato",2
"obedecendo",2
"objet",2
"obriga",2
"obrigatria",2
"obse",2
"obsoleto",2
"obten",2
"obtenha",2
"obtidas",2
"obtiver",2
"ocaputdeste",2
"ocidental",2
"ocorrem",2
"ocorrendo",2
"ocorrentes",2
"oder",2
"odontolgicos",2
"odutos",2
"oferecimento",2
"ofertada",2
"ofica",2
"ogenas",2
"ologia",2
"omisso",2
"omplementar",2
"omputo",2
"onos",2
"operacionalizar",2
"operam",2
"oral",2
"oramentrios",2
"oras",2
"orcame",2
"ordenadas",2
"orgnicas",2
"orico",2
"orientao",2
"originar",2
"orphan",2
"outo",2
"outorgante",2
"ouvir",2
"pactuada",2
"pactuar",2
"padronizar",2
"paes",2
"pagination",2
"palmeira",2
"paralelismo",2
"param",2
"paranaenses",2
"parceiras",2
"parent",2
"parlamentar",2
"parmetros",2
"partcipes",2
"partici",2
"participaes",2
"participativo",2
"particularmente",2
"passando",2
"patolgica",2
"patrocinados",2
"patronal",2
"pauta",2
"pautado",2
"peas",2
"peculato",2
"pecuniria",2
"pedro",2
"pendente",2
"pendentes",2
"pequena",2
"perdas",2
"perdurar",2
"peridicos",2
"permanentemente",2
"permitindo",2
"pernambucano",2
"pertinen",2
"pertinncia",2
"petr",2
"pinheiro",2
"pinto",2
"piratini",2
"planilhas",2
"pleiteada",2
"plstico",2
"pluralidade",2
"pminova",2
"poesia",2
"poetas",2
"policloreto",2
"poligonal",2
"pontes",2
"portanto",2
"portarias",2
"portes",2
"possibilidades",2
"possu",2
"possua",2
"possuindo",2
"poupanca",2
"praca",2
"predominantemente",2
"prefeita",2
"preferenciais",2
"preferncia",2
"premia",2
"premiar",2
"preparada",2
"preparaes",2
"preparar",2
"prerrogativas",2
"presas",2
"preservar",2
"presidncia",2
"pressupostos",2
"pretendidas",2
"prevendo",2
"preventiva",2
"previdenciria",2
"previsibilidade",2
"prezar",2
"prioritrio",2
"priority",2
"priorizem",2
"prisional",2
"prmio",2
"prmios",2
"probatrio",2
"process",2
"programado",2
"programao",2
"proibida",2
"prolongada",2
"prom",2
"promessa",2
"promovidas",2
"promovidos",2
"pronta",2
"propicia",2
"proporcionalidade",2
"propositura",2
"prorrogada",2
"prorrogado",2
"prorrogao",2
"prorrogvel",2
"prospeco",2
"protegidos",2
"prottipo",2
"provises",2
"psicol",2
"publicaes",2
"publicit",2
"puderem",2
"qualificar",2
"quantas",2
"quatrocentas",2
"quatrocentos",2
"quela",2
"quele",2
"queles",2
"quilombolas",2
"quisa",2
"quota",2
"rada",2
"rafael",2
"ramos",2
"realizarem",2
"realizem",2
"recebeu",2
"recei",2
"recente",2
"recomendados",2
"recomendando",2
"reconsiderada",2
"reduzidas",2
"referencial",2
"reforco",2
"reformas",2
"reformulao",2
"regente",2
"regida",2
"regulador",2
"regulamentador",2
"regulamentadora",2
"regulamentares",2
"regulamente",2
"regularizao",2
"reis",2
"reito",2
"rejeitada",2
"relacionado",2
"remunerar",2
"rendas",2
"rendimento",2
"renovveis",2
"rentabilidade",2
"renumerado",2
"reparadoras",2
"republicana",2
"requerido",2
"resas",2
"rescindido",2
"reserva",2
"resguardar",2
"resolvidos",2
"respondendo",2
"ressalvado",2
"ressarcidos",2
"ressarcir",2
"resse",2
"restabelecer",2
"restries",2
"restringem",2
"resulta",2
"resultem",2
"resumida",2
"resumo",2
"retidas",2
"retribuio",2
"reverte",2
"ribeiro",2
"riedade",2
"rocha",2
"rodadas",2
"rodrigues",2
"ronaldo",2
"roraima",2
"rvadas",2
"sacadura",2
"sade",2
"salazar",2
"saldanha",2
"sandboxart",2
"sanes",2
"sans",2
"sarto",2
"satisfazer",2
"seca",2
"sectti",2
"seect",2
"seguin",2
"semanais",2
"semi",2
"senhores",2
"separados",2
"seres",2
"serviu",2
"sevidores",2
"significado",2
"simple",2
"simulao",2
"sindicais",2
"sintonia",2
"siqueira",2
"situada",2
"smdeis",2
"smdet",2
"soares",2
"societrias",2
"socioculturais",2
"sociocultural",2
"socioeducativas",2
"sociorregional",2
"softwares",2
"solicitadas",2
"solidria",2
"solu",2
"solucionados",2
"solucionar",2
"sonegados",2
"souza",2
"startupde",2
"subconjuntos",2
"subcontratado",2
"subcontratar",2
"subdivididas",2
"subjacentes",2
"submetem",2
"subprodutos",2
"subrepresentados",2
"subscrita",2
"subsidiados",2
"subsidiariamente",2
"sucinta",2
"suges",2
"sujeitando",2
"suplementar",2
"suportados",2
"tados",2
"tarifa",2
"tcnicos",2
"teclados",2
"telem",2
"tempestivamente",2
"temporal",2
"temporrio",2
"terceira",2
"tercos",2
"terras",2
"territoriais",2
"tesouraria",2
"teto",2
"textos",2
"tiradentes",2
"tomados",2
"torne",2
"trabalhador",2
"trabalham",2
"tradicionalmente",2
"transbordamento",2
"transit",2
"translate",2
"trate",2
"treze",2
"tributrios",2
"trmino",2
"trouxerem",2
"types",2
"ucha",2
"uchas",2
"uern",2
"ultima",2
"ultimo",2
"umco",2
"uniformes",2
"universo",2
"urbanas",2
"usos",2
"usufru",2
"usurios",2
"uteis",2
"utiliz",2
"utiliza",2
"utivo",2
"utros",2
"utua",2
"valdomiro",2
"vales",2
"validados",2
"validao",2
"valorizados",2
"valorize",2
"vdeos",2
"veculo",2
"vedar",2
"vencedoras",2
"vencidas",2
"vendidos",2
"venenos",2
"verificadas",2
"verificado",2
"vetar",2
"viabilizadas",2
"viabilizadoras",2
"viabilizando",2
"vidro",2
"vimento",2
"vincendas",2
"vincu",2
"vinculam",2
"vtem",2
"witzel",2
"workshops",2
"xida",2
"xiidas",2
"xito",2
"zinco",2
"abatendo",1
"abatimento",1
"abcdefhijklmnpqrstuvyz",1
"abinete",1
"abordados",1
"abrasel",1
"abrigam",1
"abrigar",1
"absorver",1
"absorveu",1
"abtit",1
"acar",1
"acarr",1
"acarretam",1
"acarretaro",1
"acart",1
"acbccccdpdrdddoo",1
"acdefghijklmnopqrstuvwxyz",1
"aceitando",1
"aceitar",1
"aceitas",1
"aceitos",1
"aceitveis",1
"acelerados",1
"acer",1
"acessrios",1
"acetonitrila",1
"acilitar",1
"acionadas",1
"acionados",1
"acipa",1
"acolhida",1
"acompanhados",1
"acompanhando",1
"acompanhem",1
"acondicionada",1
"acondicionadas",1
"acondicionamento",1
"acontecero",1
"acordado",1
"acordados",1
"acordantes",1
"acresci",1
"acrilato",1
"acrilonitrila",1
"acrscimo",1
"acuo",1
"adaptados",1
"adaptao",1
"adece",1
"ademais",1
"adeque",1
"aderentes",1
"aderir",1
"adesampa",1
"adiado",1
"adicionados",1
"adicionalmente",1
"adies",1
"adio",1
"adjudicado",1
"admini",1
"administrat",1
"admissibilidade",1
"admisso",1
"admitidos",1
"admitindo",1
"ador",1
"adquiridas",1
"adquirir",1
"adstrita",1
"advert",1
"advindas",1
"advindo",1
"aeiu",1
"aentidade",1
"afast",1
"afastada",1
"aferir",1
"afetada",1
"afetadas",1
"afetar",1
"afete",1
"afirmativas",1
"afonso",1
"afrodescendente",1
"afrodescendentes",1
"agar",1
"agen",1
"agilize",1
"agora",1
"agrcolas",1
"agre",1
"agrega",1
"agreguem",1
"agroindustriais",1
"agropecuria",1
"agropecurias",1
"agropecurio",1
"agrria",1
"aguardando",1
"aguiar",1
"ahal",1
"ajee",1
"ajudando",1
"ajulabs",1
"ajustar",1
"alagoano",1
"alagoanos",1
"alavancar",1
"alcana",1
"alcanadas",1
"alcanar",1
"alcancado",1
"alculos",1
"aldo",1
"alecelogin",1
"alegao",1
"alegocompanhia",1
"alencastro",1
"alexandre",1
"alhos",1
"aliar",1
"alicercado",1
"alidade",1
"alienar",1
"alimentando",1
"alinhando",1
"alogo",1
"aloizio",1
"aloysio",1
"alquilados",1
"alquilbenzeno",1
"alte",1
"alternadamente",1
"alternadas",1
"alterou",1
"altos",1
"alude",1
"alusivos",1
"alvares",1
"amazonenses",1
"ambi",1
"ambient",1
"ambientalmente",1
"amentar",1
"amento",1
"amentos",1
"aminhados",1
"amnia",1
"amortizados",1
"amortizando",1
"amparada",1
"amplamente",1
"ampliado",1
"ampliarem",1
"analisadas",1
"analisados",1
"anca",1
"anchieta",1
"anciamento",1
"ancoras",1
"aneel",1
"aneira",1
"aneo",1
"anexado",1
"anistia",1
"ansfer",1
"antara",1
"antecipada",1
"antecipao",1
"anti",1
"antiecon",1
"antonia",1
"anudo",1
"anui",1
"anular",1
"aodi",1
"aoenrico",1
"aoleis",1
"aoordin",1
"aovinculado",1
"aparecido",1
"aperfeicoam",1
"aperfeioar",1
"apesar",1
"apia",1
"aplicabilidades",1
"aplicou",1
"apoia",1
"apoiam",1
"apoiando",1
"apoios",1
"apontado",1
"apontados",1
"aporta",1
"aportando",1
"apreciadas",1
"apreco",1
"aprendizagens",1
"apresentarem",1
"apresente",1
"apresentou",1
"aprofundar",1
"apropriadas",1
"apropriao",1
"aprove",1
"aproveitado",1
"aproximao",1
"aptos",1
"aptosa",1
"apuram",1
"aput",1
"aqicultura",1
"aquicultura",1
"aquis",1
"aquisi",1
"araguaia",1
"arany",1
"arbex",1
"arbitragem",1
"arborizadas",1
"arcar",1
"arcaro",1
"arceria",1
"arcia",1
"arcio",1
"ardim",1
"ardins",1
"areceita",1
"argumentos",1
"arial",1
"ariat",1
"arido",1
"aridoorcamento",1
"ariobiblioteca",1
"ariosart",1
"armando",1
"armazenar",1
"armazm",1
"armazns",1
"arque",1
"arquivada",1
"arre",1
"arrecadar",1
"arrendam",1
"arrendamentos",1
"arrestados",1
"arruda",1
"artilhamento",1
"artstica",1
"artur",1
"asconselho",1
"asfomentoassembleia",1
"assemblia",1
"assessorou",1
"assi",1
"assinada",1
"assinante",1
"assistente",1
"assistida",1
"assistiva",1
"associ",1
"associa",1
"associao",1
"associativas",1
"asstartups",1
"assumidos",1
"assumindo",1
"assunto",1
"atalho",1
"atendendo",1
"atendido",1
"atendiment",1
"atendimentos",1
"atestada",1
"atestado",1
"ateste",1
"atestem",1
"atima",1
"ativi",1
"atlia",1
"atraiam",1
"atraindo",1
"atrativo",1
"atrelada",1
"atreladas",1
"atribuam",1
"atribudo",1
"atributo",1
"atual",1
"atualidade",1
"atualizar",1
"atualmente",1
"atuantes",1
"atuarem",1
"atureza",1
"audio",1
"auditveis",1
"aufira",1
"aumenta",1
"aumentada",1
"ausentes",1
"auten",1
"autgrafo",1
"autodeclarem",1
"autoproduo",1
"autoral",1
"autores",1
"autorida",1
"autoriz",1
"autorizaes",1
"autorpoder",1
"autrquica",1
"auxil",1
"auxili",1
"auxiliem",1
"auxlio",1
"avaliadas",1
"avaliadora",1
"avaliados",1
"avalie",1
"avancados",1
"avancos",1
"avanos",1
"avenida",1
"averbados",1
"avia",1
"avisos",1
"avits",1
"avos",1
"bacellar",1
"bairro",1
"balancos",1
"bancrias",1
"bandeirantes",1
"banha",1
"bares",1
"barretto",1
"barros",1
"barroso",1
"basear",1
"baseie",1
"baseiem",1
"basetecnologica",1
"basilar",1
"bbbbbbqe",1
"belivaldo",1
"beltcomo",1
"beneficamente",1
"beneficiar",1
"beneficiarem",1
"beneficirias",1
"berger",1
"bezerra",1
"bhworddocument",1
"bicalho",1
"biomas",1
"bito",1
"bjeto",1
"blarcum",1
"blogs",1
"boletim",1
"bolsonaro",1
"bombeirosdelegacia",1
"bonificao",1
"bordo",1
"borja",1
"bottom",1
"bovinocultura",1
"braga",1
"brandos",1
"braulio",1
"brazil",1
"bril",1
"brito",1
"britto",1
"bsicas",1
"btidos",1
"butenos",1
"cabem",1
"cabvel",1
"cach",1
"cadados",1
"cadastradas",1
"cadastrar",1
"cadeias",1
"caiado",1
"calendrios",1
"camadas",1
"cambria",1
"campogrande",1
"canalizado",1
"cancela",1
"candidate",1
"cantins",1
"capacitados",1
"capacitaes",1
"capacitar",1
"capaz",1
"capilaridade",1
"capit",1
"capitalizao",1
"capixaba",1
"capta",1
"captarem",1
"capte",1
"captulos",1
"capturando",1
"caract",1
"cargas",1
"carioca",1
"carncia",1
"carregando",1
"cart",1
"cartei",1
"cartrio",1
"casagrande",1
"cassado",1
"castro",1
"catalisador",1
"catistas",1
"cavalcanti",1
"cccultura",1
"ccdesenvolvimento",1
"ccdireitos",1
"ccemenda",1
"ccindustria",1
"ccjuventude",1
"ccmei",1
"ccmeio",1
"ccorcamento",1
"ccseguridade",1
"cctrabalho",1
"cearenses",1
"ceda",1
"cedico",1
"cedida",1
"cedidas",1
"celepar",1
"celeradora",1
"celso",1
"cenciamento",1
"centivo",1
"centralizado",1
"centralizao",1
"cepro",1
"cerealista",1
"ceria",1
"certides",1
"certido",1
"certificadas",1
"certificadores",1
"certificaes",1
"certificao",1
"certificar",1
"certifico",1
"certifique",1
"cession",1
"cezar",1
"cgecorpo",1
"chagas",1
"chamamentos",1
"chancela",1
"chaves",1
"cheque",1
"chiscart",1
"christina",1
"ciado",1
"ciandrico",1
"cianeto",1
"cianidrina",1
"cida",1
"cidos",1
"cindida",1
"cinthia",1
"cionalmente",1
"cionar",1
"cios",1
"cipal",1
"cipalidade",1
"cipt",1
"circuitos",1
"circulares",1
"circunscrio",1
"circunst",1
"cirineu",1
"ciro",1
"ciso",1
"citadas",1
"citado",1
"civileunice",1
"civilsecretaria",1
"classifica",1
"classifiquem",1
"clere",1
"cloreto",1
"clusivo",1
"cmbh",1
"cmbio",1
"cnicas",1
"cnol",1
"coalho",1
"cobra",1
"cobrado",1
"cobrados",1
"code",1
"coeficientes",1
"coer",1
"coerentes",1
"colaborativas",1
"cole",1
"coletivos",1
"colocada",1
"comanda",1
"combinada",1
"coment",1
"comentar",1
"comer",1
"comerciai",1
"comerciante",1
"cominaes",1
"comine",1
"comis",1
"comodato",1
"companies",1
"comparativas",1
"compem",1
"compensatrios",1
"competem",1
"competi",1
"competitivas",1
"competitivos",1
"complement",1
"complementados",1
"complementao",1
"compliance",1
"comporem",1
"comporta",1
"composio",1
"compreendidos",1
"comprobatrio",1
"comprometero",1
"comprometimento",1
"comprovadamente",1
"comprovadas",1
"comprovantes",1
"comprovarem",1
"computada",1
"computao",1
"computar",1
"comunho",1
"comunica",1
"comunicando",1
"comunico",1
"conce",1
"concedero",1
"concedi",1
"concernente",1
"concernentes",1
"concessionrio",1
"conciliando",1
"concluda",1
"concludos",1
"concluir",1
"concorr",1
"concorram",1
"concorrente",1
"concretizem",1
"conde",1
"condenadas",1
"condenado",1
"condi",1
"condicionadas",1
"condicionamentos",1
"conduta",1
"condutor",1
"conduzida",1
"conduzir",1
"cone",1
"conecit",1
"conectadas",1
"conectados",1
"conectando",1
"conferido",1
"conferindo",1
"confiabilidade",1
"configuradas",1
"configurados",1
"configurar",1
"confirma",1
"confiss",1
"conflitante",1
"conflitar",1
"confo",1
"conformao",1
"confunde",1
"congrega",1
"congregar",1
"conh",1
"conheciment",1
"conjugada",1
"conjuntos",1
"conomia",1
"conquista",1
"consagrado",1
"conscientizem",1
"conseguem",1
"conseguinte",1
"conseguirem",1
"consel",1
"consenso",1
"consentimento",1
"conservao",1
"considerao",1
"consignado",1
"consignados",1
"consistem",1
"consolida",1
"constam",1
"constando",1
"constaro",1
"constitua",1
"constituam",1
"constitudas",1
"constituintes",1
"constiturem",1
"constrio",1
"construir",1
"consubstanciados",1
"consultado",1
"consultarperguntas",1
"consultivos",1
"consultorias",1
"consumidoras",1
"consumidordefesa",1
"consumidores",1
"contabi",1
"contabilizada",1
"contanto",1
"contarem",1
"contatodownloadslinks",1
"contbeis",1
"contedo",1
"contempla",1
"contemplada",1
"contemplados",1
"contemple",1
"contempor",1
"contenha",1
"conteno",1
"continua",1
"continuados",1
"contiverem",1
"contraditrio",1
"contrapart",1
"contraprestao",1
"contrarie",1
"contrariem",1
"contratam",1
"control",1
"controlados",1
"controleindustria",1
"contundentes",1
"conveniadas",1
"conveniente",1
"conveno",1
"convergente",1
"convergncia",1
"conversveis",1
"convertida",1
"convidado",1
"convocados",1
"convocao",1
"convocar",1
"convocat",1
"coopera",1
"cooperados",1
"cooperou",1
"coordenadas",1
"coordenadora",1
"coordenadores",1
"coordene",1
"copropriet",1
"cordeiro",1
"cordo",1
"corno",1
"corporao",1
"corr",1
"corra",1
"corre",1
"correlatos",1
"corresponda",1
"correspondentemente",1
"correto",1
"corrida",1
"corridas",1
"corridos",1
"coser",1
"cossistema",1
"cotitularidade",1
"cpia",1
"cpie",1
"credenciament",1
"creditcios",1
"credores",1
"criadora",1
"criam",1
"criaro",1
"criati",1
"criminalmente",1
"criticidade",1
"crivella",1
"cruz",1
"cruzamento",1
"cruzando",1
"ctivas",1
"cuida",1
"culminando",1
"culpa",1
"cumeno",1
"cumpra",1
"cumpria",1
"cumpridos",1
"cumprirem",1
"cumulada",1
"cumulado",1
"cumulativos",1
"cunha",1
"cursem",1
"curta",1
"curvas",1
"curvello",1
"custeadas",1
"custosrelativos",1
"dalila",1
"damio",1
"danilo",1
"dantas",1
"daquela",1
"darcy",1
"dasstartups",1
"datas",1
"davi",1
"davidson",1
"dcimo",1
"debate",1
"debnture",1
"debntures",1
"decadentes",1
"decidi",1
"decises",1
"declarada",1
"declaradas",1
"declarando",1
"decndios",1
"deco",1
"decon",1
"decorrent",1
"dedica",1
"dedicado",1
"dedutibilidade",1
"dedutveis",1
"deduzida",1
"defensoria",1
"defini",1
"definindo",1
"degradadas",1
"deixar",1
"deixaram",1
"deixe",1
"delegacia",1
"delegaes",1
"delegao",1
"delegar",1
"delibe",1
"deliberada",1
"deliberados",1
"deliberativos",1
"delimitada",1
"delimitao",1
"delineada",1
"delmasso",1
"demandadas",1
"demandantes",1
"demonstra",1
"demonstrado",1
"demonstrarem",1
"demos",1
"densidade",1
"deodoro",1
"depart",1
"dependente",1
"dependncia",1
"depositrias",1
"depreciados",1
"deputado",1
"derem",1
"derivado",1
"desatender",1
"desatualizada",1
"desburocratizao",1
"descaracterizao",1
"descentralizar",1
"descobrir",1
"desconcentrao",1
"desconectadas",1
"desconsiderao",1
"descrevendo",1
"descu",1
"descumpra",1
"desejam",1
"desejarem",1
"desembaracados",1
"desembarao",1
"desembolsos",1
"desempate",1
"desempen",1
"desempenhe",1
"desen",1
"desenvovidas",1
"desfalque",1
"desfeito",1
"designadas",1
"designao",1
"designe",1
"desinvestimento",1
"desistiram",1
"desistncia",1
"desmembramento",1
"desnatado",1
"desonerando",1
"desonerao",1
"despacho",1
"despachos",1
"despejo",1
"despendido",1
"desportivas",1
"desporto",1
"destaca",1
"destacando",1
"destacar",1
"destartupse",1
"destilados",1
"destinatria",1
"destinatrio",1
"destitu",1
"destituveis",1
"desvantagens",1
"detalhar",1
"detector",1
"deteno",1
"devedores",1
"deveriam",1
"devi",1
"devolvidas",1
"dfart",1
"dgpcdiretoria",1
"diadas",1
"diante",1
"dicionais",1
"dife",1
"diferida",1
"difundam",1
"digam",1
"digitalizada",1
"dilma",1
"dimenses",1
"diminuindo",1
"dinamizar",1
"diogo",1
"diploma",1
"diplomas",1
"dire",1
"direcionamento",1
"diretivas",1
"diretri",1
"dirigidas",1
"dirigidos",1
"dirijam",1
"dirios",1
"disciplinares",1
"disciplinas",1
"discriminada",1
"discriminando",1
"discutidas",1
"discutido",1
"dispem",1
"dispendem",1
"display",1
"dispndio",1
"disponibilizadas",1
"disponibilizao",1
"disponvel",1
"disposta",1
"dispuser",1
"disputas",1
"disruptivo",1
"disseminem",1
"dissertaes",1
"distintos",1
"distribui",1
"distribuidas",1
"ditos",1
"diversidade",1
"diversifica",1
"dividendo",1
"diviso",1
"divulgadas",1
"dixido",1
"doados",1
"doaes",1
"document",1
"documentsummaryinformation",1
"doencas",1
"domiciliado",1
"domnio",1
"domstica",1
"donat",1
"dotados",1
"dotm",1
"downloads",1
"drenagem",1
"duarte",1
"duque",1
"durantes",1
"ealizar",1
"eatividades",1
"eceitas",1
"ecer",1
"ecialistas",1
"ecimento",1
"ecimo",1
"ecimos",1
"ecio",1
"ecolgica",1
"ecolgico",1
"economias",1
"economiasecretaria",1
"economizar",1
"ecoss",1
"ectivos",1
"edelvino",1
"ediante",1
"edios",1
"edtechs",1
"edvaldo",1
"efet",1
"efetivadas",1
"efetuaram",1
"efetue",1
"effectiveness",1
"eficazes",1
"eficincia",1
"egado",1
"egulat",1
"eira",1
"eiras",1
"elcio",1
"elegveis",1
"eleito",1
"eleitorais",1
"elemen",1
"elencadas",1
"eletrificao",1
"eletronicamente",1
"eletroposto",1
"elevados",1
"elho",1
"elia",1
"elias",1
"eliminando",1
"elmano",1
"emanuel",1
"embarcaes",1
"embasada",1
"embries",1
"embrion",1
"embro",1
"embros",1
"ement",1
"emios",1
"emissor",1
"emit",1
"emite",1
"emitidos",1
"emolumentos",1
"emparn",1
"empregada",1
"empreguem",1
"emprel",1
"empresar",1
"empresrias",1
"empresrio",1
"empresrios",1
"empricos",1
"emulso",1
"encami",1
"encaminhado",1
"encaminhamentos",1
"encarregada",1
"encerra",1
"encerrou",1
"enciada",1
"enciajuventudemeio",1
"encontradas",1
"encontram",1
"encontrando",1
"encontre",1
"encontrou",1
"endios",1
"enem",1
"energias",1
"engaja",1
"engajadas",1
"engenharias",1
"englobam",1
"enquadra",1
"enquadrada",1
"enquadram",1
"enquadramentos",1
"enquan",1
"enqueta",1
"enquete",1
"enseja",1
"ensejar",1
"ensejo",1
"ensivo",1
"entado",1
"ental",1
"entam",1
"entanto",1
"entendido",1
"entendimentos",1
"entida",1
"entor",1
"entradas",1
"entregas",1
"entregue",1
"entregues",1
"entro",1
"entry",1
"entusiastas",1
"enviados",1
"envie",1
"equi",1
"equilibrado",1
"equipado",1
"equipame",1
"equiparado",1
"equiva",1
"equival",1
"erconectar",1
"ergicas",1
"ergio",1
"ergonomia",1
"eridos",1
"erminado",1
"ermos",1
"erradicar",1
"ervidor",1
"escalas",1
"escalvel",1
"esclarecimento",1
"escolares",1
"escriturada",1
"esde",1
"esentantes",1
"esfer",1
"esgoto",1
"esonerar",1
"espaamento",1
"espacial",1
"especia",1
"especiai",1
"especialidades",1
"especificadas",1
"especificados",1
"especificando",1
"especifique",1
"espeito",1
"espera",1
"esportesdefesa",1
"esportivo",1
"esquisa",1
"esquisadores",1
"essos",1
"estabel",1
"estabelea",1
"estabelecero",1
"estabeleci",1
"estabelecimentos",1
"estadogoi",1
"estadoportal",1
"estadu",1
"estagi",1
"estaleiro",1
"estampado",1
"estatu",1
"estatui",1
"estender",1
"estimulam",1
"estimularo",1
"estimule",1
"estratgia",1
"estratgica",1
"estratgicos",1
"estritamente",1
"estrito",1
"estruturada",1
"estrutural",1
"estruturantes",1
"estudantil",1
"estudiosos",1
"estufa",1
"etar",1
"etentoras",1
"etilbenzeno",1
"etivo",1
"etnico",1
"eunice",1
"euvaldo",1
"evee",1
"even",1
"evias",1
"evidenciado",1
"evidenciarem",1
"evidente",1
"evii",1
"evitado",1
"examinar",1
"exata",1
"exatos",1
"exaustiva",1
"excedentes",1
"excedero",1
"excepcionais",1
"excessivos",1
"excludente",1
"excluem",1
"exclui",1
"excluses",1
"exclusi",1
"exclusivamen",1
"execut",1
"executivopoder",1
"executtva",1
"exemplar",1
"exemplificativa",1
"exercem",1
"exibir",1
"exigem",1
"exigibilidade",1
"exija",1
"existir",1
"exonerao",1
"exonerar",1
"expanso",1
"expectativas",1
"expedidas",1
"experim",1
"experimenta",1
"experimentadas",1
"experimentaisart",1
"experincias",1
"expertise",1
"explicar",1
"explicitados",1
"explor",1
"explore",1
"expresses",1
"expressos",1
"extingui",1
"extino",1
"extinta",1
"extra",1
"extracurriculares",1
"extraordinria",1
"fablabs",1
"fabricantes",1
"fabya",1
"facepe",1
"faciet",1
"facilidade",1
"facilit",1
"facilitadas",1
"facilitados",1
"facilitando",1
"facilite",1
"faculta",1
"facultativa",1
"fafii",1
"falabella",1
"falecimento",1
"falida",1
"falsas",1
"falsos",1
"faltar",1
"faltarem",1
"familiar",1
"familiares",1
"fapegfundo",1
"fapema",1
"fapergs",1
"fapite",1
"farei",1
"farmcia",1
"faturas",1
"favorecam",1
"favorecidas",1
"favorvel",1
"fazerem",1
"fechados",1
"fecom",1
"fede",1
"federado",1
"federativas",1
"federativo",1
"feitainformando",1
"feitosa",1
"felipe",1
"feminina",1
"fenmenos",1
"fenol",1
"fernanda",1
"fernandes",1
"ferramenta",1
"ferruccio",1
"fertilizantes",1
"fetiva",1
"fetuar",1
"fgfljfz",1
"ficaro",1
"ficha",1
"fico",1
"ficou",1
"fiea",1
"fiepi",1
"fies",1
"fieto",1
"figurativa",1
"film",1
"filmes",1
"finali",1
"finda",1
"finidas",1
"fintechs",1
"fiscalizado",1
"fiscalizao",1
"fixada",1
"fixas",1
"fizer",1
"flix",1
"fluido",1
"flvia",1
"focados",1
"folhetos",1
"foltz",1
"fome",1
"fomentada",1
"fomentadores",1
"fomentem",1
"fones",1
"fonnas",1
"form",1
"formada",1
"formalidade",1
"formaliza",1
"formalize",1
"formando",1
"formatada",1
"formula",1
"formulado",1
"fornecedora",1
"fornecedoras",1
"fortalecime",1
"fotografia",1
"fotovoltaicas",1
"franqueada",1
"fraudulentamente",1
"frequ",1
"frequentesentre",1
"frise",1
"frmulas",1
"fronteira",1
"fruir",1
"ftlico",1
"fumrico",1
"funcionalidade",1
"funcionalismo",1
"funcionalmente",1
"funcionamen",1
"funda",1
"fundamentadamente",1
"fundamentalmente",1
"fundidas",1
"fundiria",1
"fuso",1
"gabinetes",1
"galdino",1
"galeno",1
"ganh",1
"garagens",1
"garantam",1
"garante",1
"garantida",1
"garantidor",1
"gases",1
"gastronomia",1
"gazeta",1
"geana",1
"geiras",1
"geoeducacionais",1
"geogrfico",1
"geolgico",1
"geradoras",1
"geraisart",1
"gerarem",1
"gerenciado",1
"gerida",1
"giado",1
"gicos",1
"gida",1
"gilson",1
"gipe",1
"girat",1
"giro",1
"gitais",1
"glaydston",1
"glicerinas",1
"globais",1
"glosas",1
"goianiense",1
"goianos",1
"goiasprevgoi",1
"goldman",1
"gonalves",1
"governado",1
"governadora",1
"governadoria",1
"govtechs",1
"gozada",1
"graas",1
"graciosamente",1
"graduados",1
"grandense",1
"gratifica",1
"gratificao",1
"gratuitas",1
"graus",1
"graves",1
"grids",1
"grosseiro",1
"grossense",1
"guanabara",1
"guedes",1
"guerra",1
"guimar",1
"guimares",1
"guto",1
"gxvkzr",1
"habilitado",1
"habilitados",1
"habilitatrios",1
"habitacional",1
"habitam",1
"hackathons",1
"harm",1
"haveres",1
"havia",1
"havidas",1
"hdrica",1
"hdrico",1
"healthtechs",1
"hectares",1
"hedge",1
"helinho",1
"heywrn",1
"hhhhh",1
"hhhhhh",1
"hidrognio",1
"hierarquia",1
"hoje",1
"holanda",1
"homenagear",1
"homenagens",1
"homologada",1
"homologado",1
"homologaes",1
"hospedada",1
"houve",1
"human",1
"iais",1
"iativas",1
"iberados",1
"ibiapina",1
"ibilizada",1
"icada",1
"icando",1
"icas",1
"icidades",1
"icipado",1
"icita",1
"icos",1
"ictam",1
"ictpe",1
"ictps",1
"iden",1
"identificando",1
"identificao",1
"ideres",1
"idnea",1
"idntico",1
"idoneidade",1
"idores",1
"idoso",1
"idrica",1
"iectis",1
"ientem",1
"ifal",1
"iformizadas",1
"igem",1
"igente",1
"igin",1
"igualdades",1
"igualit",1
"igura",1
"iidas",1
"iiidos",1
"ilcitos",1
"ileira",1
"ileiras",1
"iliaibaneis",1
"ilibada",1
"ilidade",1
"imbinstituto",1
"imediato",1
"imentos",1
"imerso",1
"imica",1
"imobilirias",1
"imobilirios",1
"impede",1
"impedir",1
"impenhorveis",1
"implantadas",1
"implantados",1
"implementao",1
"implementem",1
"implicam",1
"implicaria",1
"importando",1
"importante",1
"importantesatos",1
"importo",1
"impos",1
"imposio",1
"imprecisos",1
"imprensa",1
"impress",1
"improfcuo",1
"impropriedade",1
"impugnada",1
"impulsionam",1
"inabilitado",1
"inadimplentes",1
"inadimplncia",1
"inadmissibilidade",1
"inados",1
"inalienveis",1
"inamento",1
"inativos",1
"inato",1
"inaugural",1
"ince",1
"incent",1
"incentivarem",1
"incentivaro",1
"incentive",1
"incia",1
"incidindo",1
"inco",1
"incompat",1
"inconstitucionalidade",1
"inconteste",1
"inconveniente",1
"incorporada",1
"incorporado",1
"incorporando",1
"incorrida",1
"incrementadores",1
"incrementando",1
"incubado",1
"incubados",1
"incumbem",1
"independent",1
"independenteart",1
"indicador",1
"indicaes",1
"indicou",1
"indios",1
"indique",1
"indispensveis",1
"indisponveis",1
"indivduos",1
"individualizado",1
"individualizados",1
"induo",1
"indutora",1
"indutores",1
"induzam",1
"inerente",1
"inexecuo",1
"inexigibilidade",1
"inexistente",1
"inexistncia",1
"inferncia",1
"informando",1
"informativa",1
"informticos",1
"infrae",1
"infralegais",1
"ingressado",1
"ingressar",1
"ingressos",1
"inicia",1
"iniciem",1
"inidoneidade",1
"ininterruptos",1
"injustas",1
"injustificada",1
"injustificado",1
"inobservncia",1
"inovadoresart",1
"inovativas",1
"inscritas",1
"insculpida",1
"insere",1
"inserido",1
"inseridos",1
"inserir",1
"inss",1
"insta",1
"instabilidades",1
"instada",1
"institucionalizao",1
"instituda",1
"instncia",1
"instrumen",1
"instrument",1
"instrumentalizar",1
"instruo",1
"insuficientes",1
"insuficincia",1
"inta",1
"intangveis",1
"integrados",1
"integralizado",1
"integran",1
"integraro",1
"inteiramente",1
"intennedi",1
"inteno",1
"intensamente",1
"inter",1
"interaes",1
"interajam",1
"intercaladas",1
"intercmbio",1
"interconectar",1
"intergovernamental",1
"interinamente",1
"intermediao",1
"intermedirio",1
"internacion",1
"internacionaisdi",1
"internacionali",1
"internacionalmente",1
"interpelao",1
"interpretar",1
"intersetoriais",1
"intersetorialidade",1
"intervalos",1
"intervenincia",1
"intimar",1
"intoler",1
"introduziu",1
"inutiliz",1
"inutilizados",1
"invalidez",1
"invent",1
"inventiva",1
"inver",1
"inverso",1
"invest",1
"investim",1
"investimentoart",1
"invist",1
"invlucro",1
"ipais",1
"ipal",1
"ipasgojunta",1
"ipca",1
"ipem",1
"ipen",1
"iphan",1
"ipiode",1
"iplice",1
"iquegoinstituto",1
"iquotas",1
"ircuito",1
"irculo",1
"irem",1
"irgula",1
"irlan",1
"irmar",1
"irrecorrvel",1
"irregular",1
"irrepar",1
"irretrat",1
"irretratveis",1
"irrigao",1
"isando",1
"iscalizar",1
"isenes",1
"isentar",1
"isentos",1
"ises",1
"isicofinanceiro",1
"isio",1
"isitos",1
"isposto",1
"issimos",1
"istema",1
"istrativas",1
"itat",1
"itidas",1
"itimas",1
"itimo",1
"itos",1
"itularidade",1
"ivdas",1
"ivdos",1
"iveisa",1
"ivem",1
"ividade",1
"ixar",1
"ixdo",1
"ixos",1
"jair",1
"jamento",1
"janaina",1
"jardins",1
"jatene",1
"jeferson",1
"jernimo",1
"jetivo",1
"jetivos",1
"jeto",1
"jnior",1
"jogos",1
"jornais",1
"jose",1
"josias",1
"jucegmetrobus",1
"jucern",1
"judicialmente",1
"judicirio",1
"julgadoras",1
"julgar",1
"juliano",1
"julieta",1
"junior",1
"juntada",1
"juntar",1
"juridicamente",1
"justicaedson",1
"justicapublicada",1
"justificadamente",1
"justificam",1
"juzo",1
"jxxyyzzzzz",1
"kaio",1
"kkkkkkkklllllllll",1
"kkkkllllll",1
"kkrx",1
"kleber",1
"labor",1
"laborais",1
"laborar",1
"laboratrio",1
"lacerda",1
"lada",1
"lados",1
"lagoa",1
"lamento",1
"lanamentos",1
"lancamentos",1
"lances",1
"lara",1
"lato",1
"laurindo",1
"lavrada",1
"lega",1
"legislaes",1
"legislativopol",1
"leil",1
"leito",1
"leitura",1
"lema",1
"lemos",1
"lente",1
"leonardo",1
"lessa",1
"letra",1
"letramento",1
"levaram",1
"lgbt",1
"libera",1
"liberadas",1
"liberaes",1
"libidinosos",1
"licado",1
"lice",1
"licenci",1
"licenciamentos",1
"licita",1
"licitantes",1
"licitar",1
"lico",1
"licos",1
"lidades",1
"liderada",1
"lificadas",1
"ligado",1
"ligente",1
"limpa",1
"limpar",1
"line",1
"linkbase",1
"links",1
"linkso",1
"lins",1
"liquidados",1
"liquidanda",1
"lira",1
"literatura",1
"litro",1
"livres",1
"lixo",1
"lngua",1
"lobo",1
"locado",1
"locador",1
"localizada",1
"localizao",1
"localizar",1
"locus",1
"lode",1
"lodi",1
"logias",1
"lojistas",1
"lotes",1
"lourena",1
"lquer",1
"ltadas",1
"ltantes",1
"ltex",1
"ltimos",1
"luciana",1
"luciano",1
"lucrat",1
"lucrativas",1
"lucros",1
"lugar",1
"luis",1
"lvaro",1
"lver",1
"madeira",1
"magis",1
"maia",1
"majorit",1
"majoritariamente",1
"makerspace",1
"malico",1
"mandamento",1
"mandar",1
"mandarino",1
"mando",1
"manente",1
"mangue",1
"manifestando",1
"manifestaram",1
"maninho",1
"manoel",1
"manten",1
"mantenedores",1
"mantero",1
"mantoan",1
"manu",1
"manuais",1
"manual",1
"manufatura",1
"mapa",1
"mapeada",1
"mapear",1
"maras",1
"maravilha",1
"marcelo",1
"marechal",1
"marketinge",1
"marli",1
"marlon",1
"marques",1
"mate",1
"matemtica",1
"math",1
"matrias",1
"matriculados",1
"maturidade",1
"maur",1
"maximizao",1
"maximizar",1
"mcado",1
"mecanizados",1
"mediando",1
"mediantes",1
"medias",1
"medicina",1
"mejado",1
"melhoram",1
"melhorando",1
"melhorem",1
"mendona",1
"mental",1
"mentar",1
"mente",1
"mentorias",1
"mercadante",1
"messias",1
"metacrilatos",1
"metacrlico",1
"metal",1
"metrobuspoder",1
"metrologia",1
"metropolitano",1
"michel",1
"micos",1
"micros",1
"migrao",1
"milit",1
"militarfundo",1
"militarsecretaria",1
"mincho",1
"mineira",1
"mineiras",1
"minhas",1
"minimizando",1
"ministrados",1
"ministrios",1
"minoritria",1
"miranda",1
"misasisecret",1
"misto",1
"misturada",1
"modal",1
"modenesi",1
"moderna",1
"modernas",1
"modernidade",1
"modifique",1
"modifiquem",1
"modos",1
"modular",1
"monetria",1
"monetrio",1
"monitoradas",1
"monitores",1
"monmero",1
"montadoras",1
"monte",1
"monteirosecret",1
"montenegro",1
"monxido",1
"moraes",1
"morat",1
"mostra",1
"motiva",1
"motivar",1
"moura",1
"move",1
"mover",1
"movimentada",1
"moyss",1
"mpat",1
"mplica",1
"mpreendedor",1
"mpreendedorismo",1
"mprego",1
"mpresariais",1
"mprimento",1
"mprove",1
"msica",1
"msodatastore",1
"mtvu",1
"mudana",1
"multidisciplinar",1
"multiplicada",1
"multiplicao",1
"multisservicos",1
"multiverso",1
"mundo",1
"municipa",1
"mussarela",1
"mxbae",1
"nada",1
"nanceira",1
"nanceiros",1
"nando",1
"nanotecnologia",1
"naqueles",1
"naquilo",1
"narrado",1
"nascimento",1
"natal",1
"natur",1
"naval",1
"naves",1
"nceiro",1
"ncentivar",1
"ncerto",1
"nclusive",1
"ncubadora",1
"ncubadoras",1
"nculadas",1
"ndos",1
"ndstria",1
"necessanos",1
"negativos",1
"negligncia",1
"negociados",1
"negreiros",1
"nest",1
"nestor",1
"neutralidade",1
"nfase",1
"ngeiras",1
"nhar",1
"nichos",1
"nifestar",1
"nios",1
"niversalizao",1
"nkings",1
"nobre",1
"nocaputdeste",1
"nomenclatura",1
"nomicamente",1
"nominativa",1
"normalizao",1
"normatizada",1
"normatizado",1
"normatizar",1
"noticia",1
"notificado",1
"notificaes",1
"notificar",1
"notoriamente",1
"novamente",1
"novao",1
"nstituio",1
"nstrumentos",1
"ntegrao",1
"ntelectual",1
"ntercmbio",1
"ntersetorialidade",1
"ntivador",1
"ntratar",1
"ntre",1
"nucleares",1
"nulidade",1
"numer",1
"nunesprefeito",1
"nunessecret",1
"nutricional",1
"nuvem",1
"nvestimentos",1
"nvolvidas",1
"nvolvimento",1
"oaes",1
"obedece",1
"obedecidos",1
"objetivar",1
"obrasmilton",1
"obre",1
"obrigam",1
"obrigando",1
"obrigatrio",1
"observaes",1
"observaro",1
"observe",1
"obterem",1
"obtiverem",1
"ocaput",1
"ocasionado",1
"ocasional",1
"ocaso",1
"ocat",1
"ocelebrado",1
"oconforme",1
"ocorram",1
"ocorrida",1
"octanol",1
"ocupan",1
"ocupem",1
"ocuradoria",1
"odever",1
"odicos",1
"odutivas",1
"oentende",1
"oescompanhia",1
"oesdata",1
"oesta",1
"ofensa",1
"oferecidos",1
"ofertam",1
"office",1
"oficia",1
"oficina",1
"ogena",1
"ogicosart",1
"ograma",1
"ogramadas",1
"ogramas",1
"oiam",1
"oijotu",1
"ojeto",1
"olaborar",1
"oldo",1
"olica",1
"olidos",1
"olos",1
"olver",1
"olvida",1
"olvimento",1
"omaticamente",1
"omento",1
"omicosocial",1
"omisses",1
"omites",1
"ompartilhamento",1
"ompat",1
"ompetitiva",1
"onados",1
"onas",1
"oncess",1
"ondomnios",1
"onea",1
"oneas",1
"oner",1
"ongo",1
"onicas",1
"onimo",1
"onios",1
"onomia",1
"onsabilidade",1
"onstituir",1
"onsultoria",1
"ontidas",1
"ontribuir",1
"onze",1
"oordenar",1
"opera",1
"operacionalizada",1
"operacionalizados",1
"operador",1
"operadora",1
"operados",1
"opinativo",1
"oportunizar",1
"opriedade",1
"oquando",1
"orcamentariamente",1
"orcamentariaseguridade",1
"ordena",1
"ordens",1
"orestes",1
"organizativos",1
"organograma",1
"orgnicos",1
"orientadoras",1
"orientaes",1
"orientando",1
"origens",1
"originalmente",1
"originou",1
"originria",1
"orla",1
"ormular",1
"orrentes",1
"ostos",1
"otaes",1
"otencializam",1
"otes",1
"otim",1
"otores",1
"ouestrangeiras",1
"ouiii",1
"outorgados",1
"outorgas",1
"ouver",1
"ouvidas",1
"ouvidoria",1
"ovadores",1
"over",1
"oworkings",1
"ozires",1
"paco",1
"padronizao",1
"padrotit",1
"pagam",1
"paiagu",1
"painel",1
"palmares",1
"palmiste",1
"palocci",1
"panfletos",1
"pansera",1
"pante",1
"pantes",1
"paraas",1
"paraestatais",1
"parafina",1
"paralisar",1
"parcei",1
"parcelada",1
"parceri",1
"pares",1
"pargrafos",1
"parit",1
"paritrias",1
"parti",1
"participam",1
"participan",1
"participem",1
"partilhar",1
"passagens",1
"passe",1
"passivamente",1
"passivas",1
"passos",1
"passou",1
"pasteurizado",1
"patrus",1
"pautada",1
"pautar",1
"pautas",1
"pdot",1
"pdta",1
"pdti",1
"pectos",1
"pecunirias",1
"pedir",1
"pedralva",1
"peitadas",1
"peixoto",1
"pellegrino",1
"peluso",1
"penas",1
"penha",1
"penhorados",1
"penitenci",1
"penmssao",1
"pennitir",1
"pensamento",1
"pequenos",1
"pera",1
"percepo",1
"perde",1
"perdido",1
"perdurarem",1
"perguntas",1
"peridica",1
"peridicas",1
"perimental",1
"perm",1
"permanecer",1
"permanetes",1
"permanncia",1
"permetro",1
"permissionrias",1
"permissionrio",1
"permissivos",1
"pernambucanas",1
"perpendicular",1
"personal",1
"personalidades",1
"personalssimo",1
"pertena",1
"pertence",1
"pertencerem",1
"pertencero",1
"pertencimento",1
"pertin",1
"pesa",1
"pesados",1
"pesagro",1
"pescadireitos",1
"pese",1
"pesos",1
"pesso",1
"petio",1
"petri",1
"petrleo",1
"pgesecretaria",1
"pintosecret",1
"pion",1
"plane",1
"pleiteiam",1
"plicada",1
"pmcti",1
"pneumticos",1
"poca",1
"policromticas",1
"polipropileno",1
"ponderada",1
"ponte",1
"populacional",1
"porcentagem",1
"porm",1
"porta",1
"portais",1
"portela",1
"portugal",1
"portuguesa",1
"possibilitam",1
"possibilite",1
"possuidor",1
"postal",1
"postes",1
"potencia",1
"potencializadores",1
"potencializem",1
"potencialmente",1
"povos",1
"ppqqrrrrrr",1
"praticado",1
"pratiquem",1
"prato",1
"prdio",1
"prdios",1
"precat",1
"precedentes",1
"precedidos",1
"preceituar",1
"preceptores",1
"precis",1
"precoce",1
"precpua",1
"precrio",1
"predat",1
"predeterminado",1
"predisposio",1
"preencham",1
"preencher",1
"preenchido",1
"preenchimento",1
"prefeitofabricio",1
"pregado",1
"prego",1
"prejudica",1
"prejudicado",1
"prelimiares",1
"preliminaresart",1
"premiaes",1
"premissa",1
"preponder",1
"prerrogativa",1
"prescrevem",1
"prescritos",1
"presena",1
"presidenta",1
"presidida",1
"prestando",1
"presumidas",1
"presumidos",1
"presumir",1
"pretendente",1
"pretens",1
"pretensa",1
"pretrito",1
"prevalecendo",1
"prevalecero",1
"preveja",1
"prevenir",1
"priedade",1
"primas",1
"primeiros",1
"primordial",1
"princesas",1
"principiol",1
"priori",1
"priorida",1
"prioritrias",1
"priorizada",1
"priorizados",1
"priva",1
"privativa",1
"prncipe",1
"probidade",1
"problem",1
"proce",1
"procedente",1
"processual",1
"proclamado",1
"procura",1
"prodater",1
"produt",1
"produti",1
"produz",1
"produzem",1
"produziro",1
"proferidas",1
"proferido",1
"professora",1
"professores",1
"profissiona",1
"progressiva",1
"proibido",1
"proje",1
"promissores",1
"promoes",1
"promoverem",1
"promovero",1
"promoveu",1
"promovida",1
"propaganda",1
"propcias",1
"prope",1
"propensas",1
"properties",1
"propiciando",1
"propiciem",1
"propondo",1
"proporciona",1
"proporcionado",1
"proporcionais",1
"proposi",1
"proposies",1
"propositor",1
"proprietria",1
"proprietrios",1
"propsitos",1
"prorrogaes",1
"prospectos",1
"prosseguir",1
"protagonismo",1
"protegidas",1
"protesto",1
"protestos",1
"protocolizado",1
"protocolomensagem",1
"prottipos",1
"provendo",1
"providenciado",1
"providos",1
"proviment",1
"provindos",1
"proviso",1
"provoque",1
"provvel",1
"prtica",1
"prticas",1
"prudente",1
"prudentesecret",1
"prvio",1
"ptcprocuradoria",1
"publicadas",1
"publicas",1
"publicautor",1
"publicitria",1
"publio",1
"pucpr",1
"puder",1
"pugnou",1
"punitiva",1
"pupo",1
"pura",1
"quadramento",1
"quadrinio",1
"qualificam",1
"qualitativa",1
"quant",1
"quantia",1
"quantitativamente",1
"quantitativos",1
"queijo",1
"queijos",1
"queiroz",1
"quelas",1
"quenas",1
"question",1
"questionamento",1
"quilowatt",1
"quitar",1
"qumicos",1
"quotistas",1
"raciais",1
"racionais",1
"racionalizar",1
"racismo",1
"radical",1
"rados",1
"rangeiras",1
"ransferir",1
"ransferncias",1
"ransparentes",1
"ransparncia",1
"ransversalidade",1
"rateiam",1
"ratinho",1
"rato",1
"razoveis",1
"razovel",1
"reali",1
"realiz",1
"realizou",1
"reaparelhamento",1
"recalculado",1
"recarga",1
"rece",1
"recebe",1
"recebem",1
"receberem",1
"recentes",1
"receptivas",1
"recibos",1
"reciclagem",1
"recifense",1
"recifenses",1
"recolhida",1
"recolhidos",1
"recomendadas",1
"recomposio",1
"reconhea",1
"recorrente",1
"recu",1
"recuperados",1
"recur",1
"recusa",1
"redesim",1
"redestinao",1
"redues",1
"reduzem",1
"reduzindo",1
"reembolsveis",1
"reembolsvel",1
"reestruturao",1
"referenciados",1
"referendados",1
"referendum",1
"refletir",1
"reflita",1
"reforcar",1
"refrigerante",1
"rega",1
"regido",1
"regionalidade",1
"regionalizadas",1
"registrando",1
"rego",1
"regramentos",1
"regu",1
"reguladores",1
"regulaes",1
"regulam",1
"regulamentando",1
"regulamentou",1
"reingresso",1
"reiteradas",1
"reitor",1
"relaci",1
"relacion",1
"relaciona",1
"relacionamentos",1
"relacione",1
"relacionem",1
"relaes",1
"relati",1
"relator",1
"relatrios",1
"religiosa",1
"religiosas",1
"relsm",1
"remanejamentos",1
"remessas",1
"remetidos",1
"remota",1
"renata",1
"renciais",1
"rene",1
"renncia",1
"renovvel",1
"renunciar",1
"reorganizao",1
"repactuao",1
"reparo",1
"repassa",1
"repassada",1
"repassadoras",1
"repercutir",1
"repetvel",1
"reporte",1
"repr",1
"represen",1
"representado",1
"representados",1
"representam",1
"representao",1
"representatividade",1
"representativo",1
"reproduza",1
"reproduzir",1
"reprografia",1
"reputadas",1
"reputam",1
"reputao",1
"reputar",1
"requ",1
"requeijo",1
"requeiram",1
"requer",1
"requerer",1
"requis",1
"requisitadas",1
"requisitar",1
"resch",1
"rescindida",1
"reservados",1
"reservar",1
"resgates",1
"resguardada",1
"resguardadas",1
"resguardado",1
"resiliente",1
"resolve",1
"resolvel",1
"resolvido",1
"respe",1
"respeitosamente",1
"responda",1
"responsabil",1
"responsabiliz",1
"responsabilizao",1
"resposta",1
"ressaltar",1
"ressalva",1
"ressalvar",1
"ressignificar",1
"rest",1
"restabelecidos",1
"restabelecimento",1
"restantes",1
"restaurantes",1
"restitu",1
"restitudos",1
"restringir",1
"resu",1
"resul",1
"result",1
"rete",1
"retificado",1
"retirada",1
"retirar",1
"retomada",1
"retomadasecretaria",1
"retornam",1
"retornando",1
"retratao",1
"retribui",1
"retroalimentar",1
"reunidos",1
"reunies",1
"reunindo",1
"reunio",1
"reunirem",1
"reutilizar",1
"revendas",1
"revertero",1
"revertido",1
"revistas",1
"rganizar",1
"riais",1
"rial",1
"riar",1
"rias",1
"ricota",1
"riedel",1
"rigorosamente",1
"rios",1
"ritas",1
"ritmo",1
"ritos",1
"rivadvia",1
"rmados",1
"rmitir",1
"rmul",1
"rnacionais",1
"roberta",1
"rocesso",1
"rochaanexo",1
"rodada",1
"rodovirio",1
"rodrigo",1
"roferida",1
"rojetos",1
"root",1
"ropriedade",1
"rotineiros",1
"rotta",1
"rpido",1
"rranjo",1
"rrer",1
"rrrrrrrrt",1
"rsos",1
"rtal",1
"rtigo",1
"rubo",1
"rumentos",1
"saberes",1
"saberque",1
"sacado",1
"sadas",1
"salidade",1
"salrio",1
"salrios",1
"samuel",1
"sancao",1
"sancio",1
"sanciona",1
"sando",1
"santossecret",1
"sara",1
"saraiva",1
"saraus",1
"satisfaam",1
"satisfatoriamente",1
"satisfazia",1
"scal",1
"scia",1
"sdio",1
"seadsecretaria",1
"seapasecretaria",1
"seara",1
"seccionais",1
"seccional",1
"secomsecretaria",1
"secretariar",1
"secretario",1
"sect",1
"sectes",1
"sectisecretaria",1
"secultsecretaria",1
"secundrio",1
"secundrios",1
"sedfsecretaria",1
"sedia",1
"sediados",1
"sedimenta",1
"sedssecretaria",1
"seducsecretaria",1
"seelsecretaria",1
"seges",1
"segovsecretaria",1
"segregado",1
"segregao",1
"segue",1
"seguidos",1
"segunda",1
"seinfrasecretaria",1
"selecion",1
"selecionada",1
"selecionar",1
"selecionveis",1
"semadsecretaria",1
"semam",1
"semelhante",1
"semestre",1
"semfaz",1
"semfi",1
"semplan",1
"seno",1
"sens",1
"senso",1
"sentas",1
"sentenca",1
"sentimento",1
"senvolvimento",1
"separada",1
"separao",1
"seqestrados",1
"sequ",1
"sergi",1
"sergio",1
"sergipanas",1
"serintsecretaria",1
"servada",1
"servido",1
"servidorfundo",1
"serviro",1
"sess",1
"sessecretaria",1
"seti",1
"setorart",1
"sexualmente",1
"sgguniversidade",1
"shape",1
"siafem",1
"sicsecretaria",1
"sict",1
"sidiar",1
"significativas",1
"silveira",1
"silvino",1
"silvio",1
"simetria",1
"simo",1
"simplificar",1
"simultaneamente",1
"singular",1
"singularidade",1
"sint",1
"sirvam",1
"siste",1
"sistematicamente",1
"sistematizar",1
"situado",1
"situados",1
"situaes",1
"smens",1
"smri",1
"smul",1
"sncti",1
"sobressalentes",1
"sobretudo",1
"sobrevier",1
"sobrinho",1
"socia",1
"socialdesenvolvimento",1
"socializar",1
"socioeconmicos",1
"soli",1
"solicita",1
"solicitaes",1
"solicito",1
"solidariamente",1
"solucionem",1
"somada",1
"somados",1
"somar",1
"somas",1
"somat",1
"some",1
"sorteios",1
"soteropolitanos",1
"sousa",1
"spaos",1
"spondente",1
"sponsabilidades",1
"spot",1
"ssegurado",1
"ssim",1
"sspsecretaria",1
"stabelecer",1
"stabelecidos",1
"stado",1
"startupsart",1
"status",1
"stitucional",1
"strativa",1
"stro",1
"strutura",1
"subdelegao",1
"submetemos",1
"submetero",1
"submeto",1
"submiss",1
"submisso",1
"subordinam",1
"subprefeituras",1
"subscritos",1
"subsdio",1
"subsdios",1
"subsecretaria",1
"subsidirias",1
"substancialmente",1
"substituda",1
"substitudas",1
"substitutos",1
"substrato",1
"subven",1
"subvencionar",1
"suceda",1
"suceder",1
"sucedidas",1
"sucessoras",1
"suficie",1
"sugerindo",1
"sugestes",1
"sujeitar",1
"sujeite",1
"summaryinformation",1
"superado",1
"superados",1
"superao",1
"superar",1
"superarem",1
"superintendncias",1
"superiorcultura",1
"superveni",1
"superveniente",1
"supervisionada",1
"supervisionar",1
"supervit",1
"suplemento",1
"supletiva",1
"suportada",1
"suportadas",1
"suportar",1
"supremo",1
"suprimento",1
"suprimentos",1
"suprirem",1
"surge",1
"surte",1
"suscet",1
"suspiros",1
"symbol",1
"tablete",1
"tabu",1
"tadas",1
"talento",1
"taleza",1
"tante",1
"tarefa",1
"tarquias",1
"taumaturgo",1
"tavares",1
"tecmcamente",1
"tecnlogo",1
"teia",1
"teis",1
"teixeira",1
"telemticas",1
"telles",1
"tempestiva",1
"tempestivo",1
"tempore",1
"temtica",1
"temticos",1
"tentativas",1
"tentor",1
"tereftlico",1
"teresinense",1
"teressado",1
"teria",1
"terminar",1
"ternas",1
"teros",1
"terreno",1
"terrorismo",1
"tese",1
"testados",1
"tfico",1
"ticos",1
"tics",1
"tidade",1
"tificados",1
"tilidade",1
"tins",1
"tinuidade",1
"tipologias",1
"tipos",1
"title",1
"titu",1
"titucional",1
"titulados",1
"titulare",1
"tivas",1
"tividades",1
"tivo",1
"tocan",1
"tocante",1
"tocantin",1
"tomando",1
"tomar",1
"tombados",1
"tores",1
"tornarem",1
"torquato",1
"torres",1
"trabalha",1
"trabalhem",1
"tracadas",1
"traduzir",1
"tramitando",1
"tramitar",1
"transcrevemos",1
"transfira",1
"transforma",1
"transformao",1
"transitar",1
"transito",1
"transitrias",1
"transparncia",1
"transposio",1
"transversais",1
"tras",1
"tratada",1
"tratarem",1
"tratase",1
"tratem",1
"trato",1
"travessa",1
"trazer",1
"trazidos",1
"trespasse",1
"tributadas",1
"trimestrais",1
"trimestres",1
"triplo",1
"trizes",1
"trmeros",1
"tros",1
"trpia",1
"trumentos",1
"truturar",1
"tudos",1
"tureza",1
"turma",1
"tweet",1
"uada",1
"uais",1
"uando",1
"uatro",1
"ublicaci",1
"ublicost",1
"ublicostecnologia",1
"ubmeter",1
"ubmetidas",1
"uchos",1
"ucia",1
"ucrativos",1
"udetrabalho",1
"udos",1
"uelas",1
"ueno",1
"uespi",1
"uezo",1
"ufal",1
"ufpr",1
"uias",1
"uipamentos",1
"ulado",1
"ulat",1
"ultados",1
"ulterior",1
"ultiplos",1
"ultrapassado",1
"ultrapassagem",1
"ultrapassem",1
"ultrapasteurizado",1
"unam",1
"unanimidade",1
"undas",1
"undos",1
"unicipais",1
"unicoi",1
"unificado",1
"uniformizada",1
"unilateralmente",1
"unior",1
"unir",1
"unit",1
"unitins",1
"unitrio",1
"univer",1
"universitrias",1
"unknown",1
"urada",1
"uranca",1
"urba",1
"usadas",1
"usado",1
"usage",1
"usar",1
"usica",1
"ustificativas",1
"ustrial",1
"usufrudos",1
"usufrui",1
"usurio",1
"utfpr",1
"utili",1
"utilizam",1
"utilizarem",1
"utilizou",1
"utos",1
"uver",1
"uvidas",1
"vacinas",1
"vada",1
"vado",1
"vadores",1
"vaga",1
"vagas",1
"vagos",1
"valdir",1
"vale",1
"validar",1
"valorizao",1
"valorizar",1
"vanguarda",1
"vantajoso",1
"variaes",1
"variando",1
"variveis",1
"vdos",1
"veculos",1
"vedadas",1
"vegetal",1
"veicular",1
"vencido",1
"vencim",1
"vencveis",1
"vendedor",1
"vendo",1
"veni",1
"ventura",1
"veracidade",1
"verbas",1
"vereadoras",1
"verificador",1
"verificadoras",1
"verificados",1
"verifique",1
"versa",1
"verse",1
"versos",1
"vertentes",1
"vestibulares",1
"viabilizada",1
"viabilizadores",1
"vicente",1
"vicos",1
"vidade",1
"vidal",1
"vidos",1
"vieira",1
"viida",1
"vilas",1
"vilhena",1
"vincula",1
"vinculante",1
"vindo",1
"vinicius",1
"violar",1
"virtualtribunal",1
"virtuoso",1
"visitantes",1
"visitas",1
"vislumbram",1
"viso",1
"visto",1
"visual",1
"vital",1
"vnculos",1
"vocacionadas",1
"vocacionados",1
"vocacionais",1
"vogt",1
"volvimento",1
"vossas",1
"votar",1
"vrias",1
"vrios",1
"vulgar",1
"vwte",1
"waldez",1
"wanderley",1
"water",1
"western",1
"wgtyu",1
"wilsinho",1
"woko",1
"xecutivo",1
"xidas",1
"xido",1
"xmln",1
"xwxxxxxyywzzzzzzz",1
"yalty",1
"zadoras",1
"zados",1
"zembro",1
"zerar",1
"zonas",1
"zoneamento",1
