"recorte","unidade","termo_a","termo_b","coocorrencias","associacao_ochiai"
"agg_nacional","article","inovacao","tecnologia",1102,0.797
"agg_nacional","article","inovacao","desenvolvimento",944,0.725
"agg_nacional","article","tecnologia","desenvolvimento",904,0.696
"agg_nacional","article","tecnologia","tecnologica",645,0.682
"agg_nacional","article","inovacao","tecnologica",581,0.613
"agg_nacional","article","tecnologia","ciencia",498,0.594
"agg_nacional","article","desenvolvimento","projeto",555,0.579
"agg_nacional","article","inovacao","empresas",544,0.571
"agg_nacional","article","inovacao","projeto",572,0.561
"agg_nacional","article","desenvolvimento","atividades",523,0.558
"agg_nacional","article","tecnologia","empresas",526,0.553
"agg_nacional","article","tecnologica","ciencia",317,0.551
"agg_nacional","article","empresas","tecnologica",355,0.545
"agg_nacional","article","inovacao","ciencia",453,0.539
"agg_nacional","article","desenvolvimento","tecnologico",376,0.536
"agg_nacional","article","tecnologia","tecnologico",399,0.536
"agg_nacional","article","desenvolvimento","tecnologica",473,0.531
"agg_nacional","article","inovacao","atividades",528,0.529
"agg_nacional","article","ciencia","tecnologico",239,0.528
"agg_nacional","article","desenvolvimento","empresas",468,0.523
"agg_nacional","article","servicos","produtos",201,0.521
"agg_nacional","article","tecnologia","atividades",513,0.515
"agg_nacional","article","projeto","financiamento",337,0.51
"agg_nacional","article","recursos","financiamento",308,0.509
"agg_nacional","article","tecnologia","projeto",515,0.506
"agg_nacional","article","desenvolvimento","ciencia",398,0.504
"agg_nacional","article","atividades","tecnologica",341,0.5
"agg_nacional","article","projeto","recursos",343,0.499
"agg_nacional","article","tecnologia","transferencia",383,0.494
"agg_nacional","article","projeto","atividades",360,0.491
"agg_nacional","article","atividades","apoio",277,0.489
"agg_nacional","article","recursos","apoio",259,0.488
"agg_nacional","article","projeto","apoio",280,0.484
"agg_nacional","article","inovacao","recursos",451,0.483
"agg_nacional","article","atividades","recursos",324,0.482
"agg_nacional","article","atividades","empresas",324,0.472
"agg_nacional","article","desenvolvimento","financiamento",398,0.472
"agg_nacional","article","atividades","servicos",285,0.47
"agg_nacional","article","apoio","icts",195,0.466
"agg_nacional","article","empresas","fomento",241,0.465
"agg_nacional","article","tecnologica","instituicao",256,0.461
"agg_nacional","article","tecnologica","tecnologico",233,0.457
"agg_nacional","article","desenvolvimento","recursos",400,0.456
"agg_nacional","article","ciencia","instituicao",224,0.455
"agg_nacional","article","desenvolvimento","servicos",360,0.454
"agg_nacional","article","desenvolvimento","entidades",345,0.454
"agg_nacional","article","inovacao","apoio",357,0.453
"agg_nacional","article","inovacao","instituicao",367,0.452
"agg_nacional","article","empresas","entidades",251,0.451
"agg_nacional","article","empresas","tecnologico",231,0.45
"agg_nacional","article","inovacao","tecnologico",336,0.45
"agg_nacional","article","apoio","fomento",192,0.448
"agg_nacional","article","projeto","empresas",314,0.448
"agg_nacional","article","transferencia","direito",178,0.447
"agg_nacional","article","fomento","icts",178,0.444
"agg_nacional","article","recursos","transferencia",232,0.444
"agg_nacional","article","transferencia","intelectual",167,0.443
"agg_nacional","article","tecnologia","instituicao",358,0.442
"agg_nacional","article","inovacao","fomento",331,0.439
"agg_nacional","article","tecnologia","financiamento",393,0.439
"agg_nacional","article","inovacao","entidades",354,0.438
"agg_nacional","article","tecnologia","entidades",353,0.437
"agg_nacional","article","projeto","execucao",219,0.437
"agg_nacional","article","empresas","financiamento",269,0.436
"agg_nacional","article","atividades","icts",229,0.432
"agg_nacional","article","atividades","instituicao",252,0.431
"agg_nacional","article","tecnologia","servicos",362,0.43
"agg_nacional","article","projeto","tecnologica",298,0.427
"agg_nacional","article","desenvolvimento","instituicao",326,0.427
"agg_nacional","article","empresas","icts",216,0.426
"agg_federal","article","medida","provisoria",102,0.986
"agg_federal","article","pessoa","juridica",92,0.944
"agg_federal","article","contribuicao","cofins",61,0.919
"agg_federal","article","tecnologia","inovacao",50,0.725
"agg_federal","article","provisoria","incluido",61,0.684
"agg_federal","article","medida","incluido",61,0.674
"agg_federal","article","desenvolvimento","inovacao",42,0.662
"agg_federal","article","tecnologia","desenvolvimento",47,0.655
"agg_federal","article","medida","revogado",42,0.558
"agg_federal","article","servicos","bens",27,0.557
"agg_federal","article","receita","venda",31,0.556
"agg_federal","article","provisoria","revogado",41,0.552
"agg_federal","article","cento","venda",27,0.499
"agg_federal","article","receita","cento",30,0.448
"agg_federal","article","incluido","revogado",29,0.447
"agg_federal","article","tecnologia","servicos",28,0.444
"agg_federal","article","pessoa","receita",36,0.436
"agg_federal","article","cofins","venda",23,0.435
"agg_federal","article","juridica","receita",35,0.43
"agg_federal","article","pessoa","venda",28,0.42
"agg_federal","article","bens","venda",19,0.418
"agg_federal","article","servicos","venda",20,0.417
"agg_federal","article","juridica","venda",27,0.411
"agg_federal","article","contribuicao","venda",23,0.407
"agg_federal","article","regulamento","tecnologia",32,0.391
"agg_federal","article","contribuicao","cento",26,0.383
"agg_federal","article","provisoria","receita",32,0.381
"agg_federal","article","pessoa","contribuies",27,0.38
"agg_federal","article","cento","cofins",24,0.378
"agg_federal","article","medida","receita",32,0.376
"agg_federal","article","juridica","contribuies",26,0.372
"agg_federal","article","juridica","servicos",26,0.372
"agg_federal","article","pessoa","bens",25,0.37
"agg_federal","article","vide","vigorar",12,0.368
"agg_federal","article","juridica","contribuicao",30,0.363
"agg_federal","article","pessoa","contribuicao",30,0.358
"agg_federal","article","provisoria","cento",29,0.356
"agg_federal","article","aplica","cofins",20,0.352
"agg_federal","article","pessoa","servicos",25,0.352
"agg_federal","article","medida","cento",29,0.351
"agg_federal","article","pessoa","cento",28,0.349
"agg_federal","article","vide","cofins",23,0.347
"agg_federal","article","contribuicao","aplica",21,0.346
"agg_federal","article","desenvolvimento","servicos",20,0.345
"agg_federal","article","medida","vide",29,0.336
"agg_federal","article","regulamento","desenvolvimento",25,0.332
"agg_federal","article","juridica","bens",22,0.331
"agg_federal","article","aplica","produtos",16,0.331
"agg_federal","article","juridica","cento",26,0.329
"agg_federal","article","juridica","cofins",25,0.324
"agg_federal","article","vide","contribuicao",23,0.324
"agg_federal","article","vide","revogado",20,0.323
"agg_federal","article","receita","contribuies",19,0.32
"agg_federal","article","receita","servicos",19,0.32
"agg_federal","article","regulamento","valor",21,0.32
"agg_federal","article","pessoa","cofins",25,0.319
"agg_federal","article","provisoria","vide",27,0.317
"agg_federal","article","cento","valor",18,0.316
"agg_federal","article","incluido","receita",23,0.314
"agg_federal","article","cento","servicos",18,0.313
"agg_federal","article","juridica","tecnologia",27,0.312
"agg_federal","article","regulamento","receita",24,0.312
"agg_federal","article","aplica","venda",15,0.31
"agg_federal","article","pessoa","tecnologia",27,0.307
"agg_federal","article","regulamento","inovacao",22,0.304
"agg_federal","article","cento","partir",16,0.303
"agg_federal","article","receita","bens",17,0.302
"agg_federal","article","pessoa","valor",21,0.298
"agg_federal","article","incluido","aplica",19,0.298
"agg_federal","article","tecnologia","podero",16,0.294
"agg_estadual","article","intelectual","propriedade",218,0.892
"agg_estadual","article","tecnologia","inovacao",801,0.831
"agg_estadual","article","inovacao","desenvolvimento",652,0.738
"agg_estadual","article","tecnologia","tecnologica",521,0.729
"agg_estadual","article","tecnologia","desenvolvimento",650,0.728
"agg_estadual","article","inovacao","tecnologica",478,0.676
"agg_estadual","article","apoio","fundacao",191,0.633
"agg_estadual","article","desenvolvimento","projeto",393,0.618
"agg_estadual","article","tecnologia","ciencia",380,0.617
"agg_estadual","article","inovacao","empresas",399,0.594
"agg_estadual","article","desenvolvimento","tecnologico",302,0.594
"agg_estadual","article","desenvolvimento","tecnologica",387,0.591
"agg_estadual","article","desenvolvimento","atividades",388,0.582
"agg_estadual","article","tecnologica","empresas",289,0.58
"agg_estadual","article","ciencia","tecnologico",203,0.579
"agg_estadual","article","inovacao","projeto",394,0.575
"agg_estadual","article","tecnologia","tecnologico",316,0.57
"agg_estadual","article","tecnologia","empresas",387,0.57
"agg_estadual","article","tecnologica","ciencia",253,0.56
"agg_estadual","article","inovacao","ciencia",339,0.557
"agg_estadual","article","inovacao","atividades",399,0.555
"agg_estadual","article","desenvolvimento","empresas",343,0.551
"agg_estadual","article","tecnologia","atividades",399,0.549
"agg_estadual","article","projeto","apoio",234,0.548
"agg_estadual","article","recursos","apoio",224,0.545
"agg_estadual","article","desenvolvimento","ciencia",306,0.542
"agg_estadual","article","tecnologia","transferencia",303,0.542
"agg_estadual","article","atividades","tecnologica",289,0.542
"agg_estadual","article","tecnologia","projeto",373,0.538
"agg_estadual","article","atividades","projeto",273,0.528
"agg_estadual","article","projeto","financiamento",236,0.526
"agg_estadual","article","atividades","apoio",235,0.524
"agg_estadual","article","inovacao","estimulo",257,0.51
"agg_estadual","article","projeto","recursos",242,0.51
"agg_estadual","article","recursos","financiamento",218,0.505
"agg_estadual","article","atividades","recursos",251,0.504
"agg_estadual","article","atividades","empresas",255,0.503
"agg_estadual","article","inovacao","recursos",331,0.502
"agg_estadual","article","empresas","fomento",191,0.498
"agg_estadual","article","apoio","icts",177,0.495
"agg_estadual","article","icts","fomento",162,0.495
"agg_estadual","article","desenvolvimento","financiamento",285,0.492
"agg_estadual","article","inovacao","apoio",292,0.492
"agg_estadual","article","inovacao","tecnologico",269,0.49
"agg_estadual","article","projeto","empresas",236,0.488
"agg_estadual","article","ciencia","instituicao",182,0.487
"agg_estadual","article","transferencia","direito",144,0.486
"agg_estadual","article","atividades","servicos",203,0.482
"agg_estadual","article","tecnologia","financiamento",302,0.478
"agg_estadual","article","apoio","fomento",162,0.478
"agg_estadual","article","atividades","icts",207,0.478
"agg_estadual","article","inovacao","instituicao",279,0.477
"agg_estadual","article","empresas","entidades",180,0.476
"agg_estadual","article","atividades","instituicao",210,0.476
"agg_estadual","article","empresas","tecnologico",183,0.473
"agg_estadual","article","projeto","icts",195,0.472
"agg_estadual","article","tecnologia","instituicao",279,0.472
"agg_estadual","article","desenvolvimento","instituicao",255,0.47
"agg_estadual","article","apoio","instituicao",171,0.469
"agg_estadual","article","tecnologica","instituicao",203,0.468
"agg_estadual","article","desenvolvimento","entidades",232,0.466
"agg_estadual","article","empresas","financiamento",205,0.466
"agg_estadual","article","desenvolvimento","recursos",284,0.465
"agg_estadual","article","tecnologica","projeto",236,0.464
"agg_estadual","article","projeto","tecnologico",182,0.461
"agg_estadual","article","tecnologica","tecnologico",187,0.46
"agg_estadual","article","projeto","execucao",162,0.459
"agg_estadual","article","empresas","recursos",212,0.456
"agg_estadual","article","recursos","entidades",169,0.455
"agg_estadual","article","recursos","execucao",154,0.453
"agg_municipal","article","inovacao","tecnologia",251,0.702
"agg_municipal","article","inovacao","desenvolvimento",250,0.687
"agg_municipal","article","desenvolvimento","tecnologia",207,0.625
"agg_municipal","article","tecnologia","tecnologica",124,0.618
"agg_municipal","article","servicos","produtos",64,0.585
"agg_municipal","article","ciencia","empreendedorismo",57,0.579
"agg_municipal","article","tecnologica","ciencia",64,0.578
"agg_municipal","article","financiamento","recursos",80,0.558
"agg_municipal","article","tecnologia","ciencia",98,0.546
"agg_municipal","article","tecnologia","empresas",113,0.519
"agg_municipal","article","inovacao","projeto",153,0.517
"agg_municipal","article","desenvolvimento","atividades",113,0.508
"agg_municipal","article","projeto","financiamento",91,0.501
"agg_municipal","article","projeto","recursos",88,0.5
"agg_municipal","article","desenvolvimento","servicos",110,0.499
"agg_municipal","article","tecnologia","tecnologico",83,0.496
"agg_municipal","article","inovacao","empresas",118,0.493
"agg_municipal","article","desenvolvimento","projeto",135,0.492
"agg_municipal","article","empresas","tecnologica",66,0.491
"agg_municipal","article","recursos","transferencia",54,0.486
"agg_municipal","article","inovacao","ciencia",95,0.482
"agg_municipal","article","atividades","servicos",68,0.467
"agg_municipal","article","inovacao","tecnologica",103,0.467
"agg_municipal","article","desenvolvimento","empresas",102,0.46
"agg_municipal","article","programa","sandbox",42,0.457
"agg_municipal","article","inovacao","atividades",108,0.449
"agg_municipal","article","desenvolvimento","financiamento",100,0.448
"agg_municipal","article","tecnologica","instituicao",53,0.446
"agg_municipal","article","tecnologica","tecnologico",46,0.445
"agg_municipal","article","desenvolvimento","recursos",96,0.444
"agg_municipal","article","tecnologia","entidades",97,0.438
"agg_municipal","article","desenvolvimento","meio",95,0.437
"agg_municipal","article","tecnologia","empreendedorismo",78,0.437
"agg_municipal","article","inovacao","recursos",102,0.436
"agg_municipal","article","desenvolvimento","tecnologico",74,0.435
"agg_municipal","article","tecnologia","servicos",94,0.435
"agg_municipal","article","desenvolvimento","ciencia",79,0.433
"agg_municipal","article","tecnologia","projeto",116,0.431
"agg_municipal","article","empresas","tecnologico",48,0.428
"agg_municipal","article","atividades","recursos",61,0.427
"agg_municipal","article","inovacao","conselho",75,0.426
"agg_municipal","article","desenvolvimento","entidades",96,0.426
"agg_municipal","article","inovacao","servicos",101,0.425
"agg_municipal","article","desenvolvimento","tecnologica",86,0.421
"agg_municipal","article","empresas","servicos",61,0.421
"agg_municipal","article","projeto","atividades",76,0.42
"agg_municipal","article","financiamento","transferencia",48,0.418
"agg_municipal","article","inovacao","empreendedorismo",82,0.418
"agg_municipal","article","tecnologica","empreendedorismo",46,0.417
"agg_municipal","article","inovacao","instituicao",88,0.416
"agg_municipal","article","inovacao","financiamento",100,0.415
"agg_municipal","article","projeto","execucao",57,0.414
"agg_municipal","article","empresas","instituicao",53,0.411
"agg_municipal","article","tecnologia","instituicao",79,0.41
"agg_municipal","article","desenvolvimento","empreendedorismo",74,0.407
"agg_municipal","article","entidades","empresas",60,0.404
"agg_municipal","article","tecnologia","atividades",88,0.403
"agg_municipal","article","financiamento","entidades",60,0.401
"agg_municipal","article","inovacao","fomento",71,0.4
"agg_municipal","article","servicos","tecnologica",53,0.397
"agg_municipal","article","instituicao","ciencia",42,0.395
"agg_municipal","article","inovacao","entidades",96,0.394
"agg_municipal","article","ciencia","tecnologico",36,0.39
"agg_municipal","article","tecnologia","meio",83,0.389
"agg_municipal","article","empresas","atividades",57,0.389
"agg_municipal","article","servicos","empreendedorismo",46,0.387
"agg_municipal","article","servicos","ciencia",46,0.385
"agg_municipal","article","entidades","meio",56,0.385
"agg_municipal","article","atividades","tecnologica",52,0.385
"agg_municipal","article","financiamento","empresas",56,0.381
"reg_norte","article","intelectual","propriedade",46,0.903
"reg_norte","article","tecnologia","inovacao",170,0.857
"reg_norte","article","tecnologia","desenvolvimento",147,0.779
"reg_norte","article","inovacao","desenvolvimento",137,0.762
"reg_norte","article","tecnologia","tecnologica",117,0.747
"reg_norte","article","inovacao","tecnologica",105,0.703
"reg_norte","article","tecnologia","ciencia",97,0.676
"reg_norte","article","direito","privado",41,0.674
"reg_norte","article","desenvolvimento","tecnologica",92,0.648
"reg_norte","article","desenvolvimento","projeto",82,0.633
"reg_norte","article","inovacao","ciencia",85,0.621
"reg_norte","article","tecnologica","ciencia",67,0.62
"reg_norte","article","inovacao","empresas",82,0.594
"reg_norte","article","desenvolvimento","atividades",78,0.591
"reg_norte","article","tecnologia","empresas",85,0.586
"reg_norte","article","desenvolvimento","ciencia",76,0.584
"reg_norte","article","ciencia","tecnologico",46,0.582
"reg_norte","article","desenvolvimento","empresas",76,0.578
"reg_norte","article","desenvolvimento","tecnologico",59,0.568
"reg_norte","article","tecnologia","projeto",81,0.567
"reg_norte","article","ciencia","instituicao",52,0.56
"reg_norte","article","financiamento","recursos",45,0.559
"reg_norte","article","tecnologia","atividades",81,0.556
"reg_norte","article","fomento","apoio",33,0.555
"reg_norte","article","atividades","apoio",43,0.554
"reg_norte","article","tecnologia","tecnologico",63,0.55
"reg_norte","article","tecnologia","instituicao",74,0.55
"reg_norte","article","tecnologica","atividades",60,0.547
"reg_norte","article","inovacao","projeto",74,0.544
"reg_norte","article","tecnologica","empresas",59,0.54
"reg_norte","article","tecnologia","direito",68,0.537
"reg_norte","article","atividades","processos",39,0.536
"reg_norte","article","projeto","financiamento",48,0.532
"reg_norte","article","atividades","instituicao",50,0.531
"reg_norte","article","recursos","apoio",36,0.531
"reg_norte","article","atividades","projeto",53,0.53
"reg_norte","article","projeto","apoio",40,0.526
"reg_norte","article","inovacao","atividades",73,0.526
"reg_norte","article","desenvolvimento","instituicao",64,0.525
"reg_norte","article","empresas","processos",38,0.524
"reg_norte","article","apoio","icts",29,0.524
"reg_norte","article","inovacao","instituicao",67,0.522
"reg_norte","article","fomento","icts",29,0.519
"reg_norte","article","ciencia","projeto",51,0.518
"reg_norte","article","empresas","servicos",41,0.514
"reg_norte","article","desenvolvimento","processo",46,0.508
"reg_norte","article","direito","transferencia",35,0.503
"reg_norte","article","atividades","empresas",51,0.502
"reg_norte","article","atividades","privado",35,0.5
"reg_norte","article","atividades","servicos",40,0.499
"reg_norte","article","tecnologia","transferencia",57,0.498
"reg_norte","article","atividades","ciencia",50,0.498
"reg_norte","article","inovacao","estimulo",50,0.495
"reg_norte","article","inovacao","tecnologico",54,0.495
"reg_norte","article","apoio","privado",26,0.489
"reg_norte","article","instituicao","apoio",35,0.489
"reg_norte","article","atividades","fomento",38,0.486
"reg_norte","article","transferencia","intelectual",28,0.485
"reg_norte","article","empresas","projeto",48,0.482
"reg_norte","article","desenvolvimento","processos",45,0.477
"reg_norte","article","projeto","processos",34,0.476
"reg_norte","article","projeto","meio",33,0.476
"reg_norte","article","empresas","fomento",37,0.475
"reg_norte","article","atividades","direito",42,0.474
"reg_norte","article","projeto","direito",41,0.472
"reg_norte","article","tecnologia","estimulo",50,0.472
"reg_norte","article","servicos","processos",27,0.472
"reg_norte","article","ciencia","apoio",36,0.471
"reg_norte","article","empresas","meio",33,0.469
"reg_norte","article","projeto","recursos",41,0.469
"reg_nordeste","article","inovacao","tecnologia",322,0.828
"reg_nordeste","article","inovacao","desenvolvimento",276,0.761
"reg_nordeste","article","tecnologia","desenvolvimento",267,0.736
"reg_nordeste","article","apoio","fundacao",132,0.736
"reg_nordeste","article","tecnologia","tecnologica",208,0.729
"reg_nordeste","article","inovacao","tecnologica",195,0.684
"reg_nordeste","article","tecnologica","empresas",129,0.637
"reg_nordeste","article","desenvolvimento","tecnologico",135,0.625
"reg_nordeste","article","inovacao","empresas",172,0.623
"reg_nordeste","article","desenvolvimento","projeto",170,0.616
"reg_nordeste","article","tecnologia","ciencia",149,0.609
"reg_nordeste","article","inovacao","projeto",180,0.608
"reg_nordeste","article","desenvolvimento","tecnologica",159,0.598
"reg_nordeste","article","ciencia","tecnologico",87,0.597
"reg_nordeste","article","tecnologia","tecnologico",138,0.596
"reg_nordeste","article","projeto","apoio",125,0.595
"reg_nordeste","article","tecnologia","empresas",163,0.59
"reg_nordeste","article","desenvolvimento","atividades",172,0.582
"reg_nordeste","article","tecnologia","transferencia",134,0.574
"reg_nordeste","article","atividades","tecnologica",133,0.573
"reg_nordeste","article","inovacao","atividades",181,0.571
"reg_nordeste","article","tecnologia","atividades",180,0.568
"reg_nordeste","article","tecnologia","projeto",167,0.564
"reg_nordeste","article","recursos","apoio",120,0.564
"reg_nordeste","article","desenvolvimento","empresas",145,0.563
"reg_nordeste","article","inovacao","estimulo",124,0.562
"reg_nordeste","article","inovacao","ciencia",134,0.547
"reg_nordeste","article","inovacao","recursos",164,0.547
"reg_nordeste","article","tecnologica","ciencia",98,0.546
"reg_nordeste","article","recursos","projeto",124,0.544
"reg_nordeste","article","projeto","financiamento",108,0.538
"reg_nordeste","article","desenvolvimento","financiamento",132,0.537
"reg_nordeste","article","atividades","recursos",131,0.537
"reg_nordeste","article","inovacao","apoio",146,0.529
"reg_nordeste","article","tecnologia","financiamento",138,0.523
"reg_nordeste","article","atividades","projeto",126,0.523
"reg_nordeste","article","atividades","icts",114,0.519
"reg_nordeste","article","empresas","fomento",86,0.512
"reg_nordeste","article","projeto","icts",105,0.512
"reg_nordeste","article","desenvolvimento","recursos",143,0.512
"reg_nordeste","article","atividades","apoio",115,0.511
"reg_nordeste","article","inovacao","tecnologico",118,0.509
"reg_nordeste","article","atividades","empresas",114,0.507
"reg_nordeste","article","desenvolvimento","entidades",103,0.503
"reg_nordeste","article","desenvolvimento","ciencia",114,0.5
"reg_nordeste","article","tecnologia","estimulo",110,0.499
"reg_nordeste","article","tecnologia","recursos",149,0.497
"reg_nordeste","article","projeto","estimulo",83,0.495
"reg_nordeste","article","recursos","empresas",105,0.493
"reg_nordeste","article","projeto","tecnologica",107,0.493
"reg_nordeste","article","apoio","instituicao",86,0.493
"reg_nordeste","article","empresas","tecnologico",81,0.493
"reg_nordeste","article","empresas","estimulo",77,0.492
"reg_nordeste","article","apoio","estimulo",77,0.492
"reg_nordeste","article","empresas","entidades",76,0.488
"reg_nordeste","article","recursos","financiamento",99,0.487
"reg_nordeste","article","recursos","execucao",83,0.487
"reg_nordeste","article","inovacao","instituicao",119,0.485
"reg_nordeste","article","tecnologica","estimulo",78,0.483
"reg_nordeste","article","projeto","empresas",101,0.481
"reg_nordeste","article","projeto","fundacao",92,0.479
"reg_nordeste","article","desenvolvimento","intelectual",91,0.479
"reg_nordeste","article","tecnologica","instituicao",86,0.478
"reg_nordeste","article","financiamento","tecnologico",75,0.477
"reg_nordeste","article","empresas","transferencia",79,0.477
"reg_nordeste","article","atividades","instituicao",95,0.475
"reg_nordeste","article","tecnologica","transferencia",81,0.474
"reg_nordeste","article","entidades","direito",52,0.472
"reg_nordeste","article","projeto","tecnologico",83,0.471
"reg_nordeste","article","apoio","icts",90,0.47
"reg_centro_oeste","article","intelectual","propriedade",41,0.913
"reg_centro_oeste","article","inovacao","tecnologia",132,0.831
"reg_centro_oeste","article","inovacao","desenvolvimento",106,0.738
"reg_centro_oeste","article","tecnologia","desenvolvimento",96,0.694
"reg_centro_oeste","article","tecnologia","tecnologica",70,0.676
"reg_centro_oeste","article","desenvolvimento","projeto",61,0.639
"reg_centro_oeste","article","atividades","tecnologica",47,0.628
"reg_centro_oeste","article","desenvolvimento","atividades",61,0.61
"reg_centro_oeste","article","desenvolvimento","tecnologico",49,0.608
"reg_centro_oeste","article","inovacao","tecnologica",65,0.605
"reg_centro_oeste","article","inovacao","projeto",66,0.601
"reg_centro_oeste","article","tecnologia","transferencia",58,0.6
"reg_centro_oeste","article","empresas","tecnologica",43,0.597
"reg_centro_oeste","article","empresas","entidades",41,0.596
"reg_centro_oeste","article","empresas","icts",41,0.591
"reg_centro_oeste","article","inovacao","empresas",65,0.588
"reg_centro_oeste","article","icts","apoio",33,0.585
"reg_centro_oeste","article","projeto","financiamento",39,0.584
"reg_centro_oeste","article","inovacao","atividades",67,0.583
"reg_centro_oeste","article","tecnologia","tecnologico",52,0.583
"reg_centro_oeste","article","desenvolvimento","tecnologica",54,0.577
"reg_centro_oeste","article","tecnologico","ciencia",29,0.575
"reg_centro_oeste","article","financiamento","meio",31,0.573
"reg_centro_oeste","article","icts","fomento",32,0.567
"reg_centro_oeste","article","empresas","fomento",34,0.565
"reg_centro_oeste","article","tecnologia","empresas",60,0.564
"reg_centro_oeste","article","atividades","projeto",43,0.563
"reg_centro_oeste","article","desenvolvimento","ciencia",44,0.562
"reg_centro_oeste","article","entidades","recursos",35,0.556
"reg_centro_oeste","article","tecnologia","ciencia",48,0.554
"reg_centro_oeste","article","atividades","recursos",39,0.554
"reg_centro_oeste","article","projeto","apoio",33,0.552
"reg_centro_oeste","article","tecnologia","atividades",61,0.551
"reg_centro_oeste","article","desenvolvimento","empresas",53,0.551
"reg_centro_oeste","article","tecnologia","projeto",58,0.549
"reg_centro_oeste","article","empresas","tecnologico",34,0.548
"reg_centro_oeste","article","transferencia","direito",26,0.547
"reg_centro_oeste","article","tecnologica","ciencia",32,0.546
"reg_centro_oeste","article","inovacao","entidades",56,0.545
"reg_centro_oeste","article","recursos","apoio",30,0.544
"reg_centro_oeste","article","projeto","execucao",28,0.539
"reg_centro_oeste","article","empresas","financiamento",36,0.536
"reg_centro_oeste","article","icts","recursos",34,0.536
"reg_centro_oeste","article","atividades","servicos",37,0.534
"reg_centro_oeste","article","inovacao","recursos",54,0.534
"reg_centro_oeste","article","desenvolvimento","icts",48,0.533
"reg_centro_oeste","article","projeto","tecnologica",38,0.532
"reg_centro_oeste","article","empresas","projeto",39,0.531
"reg_centro_oeste","article","fomento","apoio",26,0.531
"reg_centro_oeste","article","tecnologica","tecnologico",32,0.53
"reg_centro_oeste","article","desenvolvimento","entidades",47,0.525
"reg_centro_oeste","article","tecnologica","servicos",34,0.525
"reg_centro_oeste","article","inovacao","ciencia",47,0.523
"reg_centro_oeste","article","projeto","icts",36,0.523
"reg_centro_oeste","article","inovacao","icts",54,0.521
"reg_centro_oeste","article","projeto","recursos",35,0.52
"reg_centro_oeste","article","projeto","tecnologico",32,0.519
"reg_centro_oeste","article","inovacao","tecnologico",48,0.518
"reg_centro_oeste","article","tecnologia","financiamento",50,0.518
"reg_centro_oeste","article","desenvolvimento","financiamento",45,0.515
"reg_centro_oeste","article","inovacao","servicos",51,0.513
"reg_centro_oeste","article","entidades","financiamento",32,0.512
"reg_centro_oeste","article","atividades","apoio",32,0.511
"reg_centro_oeste","article","inovacao","estimulo",43,0.51
"reg_centro_oeste","article","inovacao","financiamento",51,0.508
"reg_centro_oeste","article","tecnologica","transferencia",33,0.505
"reg_centro_oeste","article","recursos","transferencia",31,0.504
"reg_centro_oeste","article","tecnologica","instituicao",29,0.5
"reg_centro_oeste","article","atividades","instituicao",31,0.5
"reg_centro_oeste","article","servicos","ciencia",27,0.498
"reg_sudeste","article","intelectual","propriedade",23,0.921
"reg_sudeste","article","tecnologia","inovacao",80,0.804
"reg_sudeste","article","inovacao","tecnologica",54,0.735
"reg_sudeste","article","tecnologia","tecnologica",59,0.726
"reg_sudeste","article","tecnologia","desenvolvimento",60,0.64
"reg_sudeste","article","desenvolvimento","projeto",38,0.62
"reg_sudeste","article","inovacao","desenvolvimento",50,0.589
"reg_sudeste","article","financiamento","recursos",27,0.574
"reg_sudeste","article","tecnologia","ciencia",35,0.556
"reg_sudeste","article","inovacao","atividades",37,0.552
"reg_sudeste","article","projeto","produtos",17,0.541
"reg_sudeste","article","desenvolvimento","atividades",34,0.538
"reg_sudeste","article","apoio","fomento",14,0.524
"reg_sudeste","article","ciencia","tecnologico",16,0.523
"reg_sudeste","article","desenvolvimento","ciencia",28,0.522
"reg_sudeste","article","atividades","empresas",25,0.521
"reg_sudeste","article","financiamento","intelectual",18,0.515
"reg_sudeste","article","atividades","apoio",20,0.508
"reg_sudeste","article","tecnologica","tecnologico",20,0.506
"reg_sudeste","article","desenvolvimento","tecnologico",23,0.504
"reg_sudeste","article","atividades","fomento",17,0.501
"reg_sudeste","article","tecnologia","atividades",37,0.499
"reg_sudeste","article","financiamento","apoio",19,0.498
"reg_sudeste","article","desenvolvimento","empresas",30,0.495
"reg_sudeste","article","tecnologia","empresas",35,0.492
"reg_sudeste","article","atividades","direito",19,0.491
"reg_sudeste","article","financiamento","projeto",23,0.489
"reg_sudeste","article","desenvolvimento","financiamento",30,0.489
"reg_sudeste","article","ciencia","processo",14,0.487
"reg_sudeste","article","tecnologia","tecnologico",26,0.486
"reg_sudeste","article","inovacao","empresas",31,0.482
"reg_sudeste","article","direito","produtos",12,0.478
"reg_sudeste","article","financiamento","propriedade",16,0.476
"reg_sudeste","article","desenvolvimento","tecnologica",33,0.476
"reg_sudeste","article","atividades","projeto",23,0.474
"reg_sudeste","article","inovacao","ciencia",27,0.474
"reg_sudeste","article","processo","empresa",10,0.466
"reg_sudeste","article","desenvolvimento","produtos",19,0.464
"reg_sudeste","article","empresas","tecnologico",16,0.463
"reg_sudeste","article","inovacao","projeto",30,0.461
"reg_sudeste","article","tecnologica","processo",17,0.458
"reg_sudeste","article","tecnologia","processo",23,0.457
"reg_sudeste","article","tecnologica","empresas",24,0.457
"reg_sudeste","article","empresas","produtos",14,0.45
"reg_sudeste","article","intelectual","processo",11,0.45
"reg_sudeste","article","desenvolvimento","direito",22,0.449
"reg_sudeste","article","direito","seja",11,0.449
"reg_sudeste","article","atividades","ciencia",19,0.448
"reg_sudeste","article","financiamento","produtos",14,0.446
"reg_sudeste","article","recursos","apoio",17,0.445
"reg_sudeste","article","tecnologia","transferencia",24,0.44
"reg_sudeste","article","atividades","produtos",14,0.432
"reg_sudeste","article","tecnologia","projeto",31,0.431
"reg_sudeste","article","tecnologica","ciencia",20,0.43
"reg_sudeste","article","empresas","projeto",20,0.43
"reg_sudeste","article","projeto","fomento",14,0.426
"reg_sudeste","article","projeto","processo",14,0.426
"reg_sudeste","article","recursos","projeto",20,0.426
"reg_sudeste","article","empresas","entidades",14,0.421
"reg_sudeste","article","desenvolvimento","processo",18,0.42
"reg_sudeste","article","inovacao","apoio",22,0.417
"reg_sudeste","article","transferencia","intelectual",11,0.415
"reg_sudeste","article","inovacao","recursos",27,0.415
"reg_sudeste","article","tecnologica","projeto",22,0.414
"reg_sudeste","article","projeto","ciencia",17,0.413
"reg_sudeste","article","atividades","recursos",20,0.413
"reg_sudeste","article","tecnologico","processo",10,0.409
"reg_sudeste","article","tecnologica","instituicao",16,0.405
"reg_sudeste","article","empresas","direito",15,0.404
"reg_sudeste","article","seja","empresa",8,0.4
"reg_sul","article","inovacao","tecnologia",97,0.815
"reg_sul","article","tecnologia","tecnologica",67,0.757
"reg_sul","article","inovacao","desenvolvimento",83,0.736
"reg_sul","article","tecnologia","desenvolvimento",80,0.722
"reg_sul","article","tecnologia","ciencia",51,0.66
"reg_sul","article","inovacao","tecnologica",59,0.655
"reg_sul","article","tecnologica","ciencia",36,0.616
"reg_sul","article","direito","transferencia",19,0.604
"reg_sul","article","servicos","processos",22,0.603
"reg_sul","article","desenvolvimento","ciencia",44,0.601
"reg_sul","article","fomento","icts",20,0.597
"reg_sul","article","inovacao","empresas",49,0.59
"reg_sul","article","inovacao","ciencia",46,0.586
"reg_sul","article","desenvolvimento","tecnologica",49,0.584
"reg_sul","article","atividades","apoio",25,0.58
"reg_sul","article","desenvolvimento","projeto",42,0.58
"reg_sul","article","desenvolvimento","tecnologico",36,0.578
"reg_sul","article","desenvolvimento","atividades",43,0.576
"reg_sul","article","ciencia","tecnologico",25,0.576
"reg_sul","article","inovacao","projeto",44,0.566
"reg_sul","article","tecnologia","tecnologico",37,0.562
"reg_sul","article","recursos","apoio",21,0.554
"reg_sul","article","tecnologica","empresas",34,0.55
"reg_sul","article","projeto","instrumentos",20,0.544
"reg_sul","article","atividades","projeto",28,0.544
"reg_sul","article","recursos","entidades",20,0.544
"reg_sul","article","tecnologia","empresas",44,0.539
"reg_sul","article","empresas","atividades",29,0.528
"reg_sul","article","projeto","apoio",22,0.526
"reg_sul","article","empresas","projeto",28,0.524
"reg_sul","article","atividades","servicos",25,0.524
"reg_sul","article","empresas","processos",22,0.523
"reg_sul","article","atividades","processos",21,0.518
"reg_sul","article","inovacao","atividades",41,0.512
"reg_sul","article","tecnologia","atividades",40,0.508
"reg_sul","article","inovacao","apoio",33,0.507
"reg_sul","article","tecnologia","transferencia",30,0.506
"reg_sul","article","financiamento","instrumentos",16,0.506
"reg_sul","article","desenvolvimento","servicos",34,0.506
"reg_sul","article","desenvolvimento","empresas",39,0.504
"reg_sul","article","icts","instrumentos",15,0.503
"reg_sul","article","apoio","icts",17,0.5
"reg_sul","article","empresas","fomento",22,0.5
"reg_sul","article","empresas","recursos",24,0.496
"reg_sul","article","atividades","fomento",21,0.495
"reg_sul","article","entidades","privadas",15,0.493
"reg_sul","article","tecnologia","instituicao",35,0.493
"reg_sul","article","atividades","recursos",23,0.493
"reg_sul","article","transferencia","intelectual",14,0.492
"reg_sul","article","ciencia","instituicao",23,0.491
"reg_sul","article","desenvolvimento","instituicao",33,0.491
"reg_sul","article","instituicao","apoio",19,0.49
"reg_sul","article","recursos","financiamento",19,0.488
"reg_sul","article","tecnologica","atividades",29,0.487
"reg_sul","article","financiamento","icts",17,0.487
"reg_sul","article","projeto","recursos",22,0.486
"reg_sul","article","inovacao","instituicao",35,0.485
"reg_sul","article","projeto","execucao",20,0.485
"reg_sul","article","entidades","icts",16,0.485
"reg_sul","article","empresas","servicos",24,0.485
"reg_sul","article","tecnologica","instituicao",26,0.484
"reg_sul","article","empresas","icts",21,0.484
"reg_sul","article","inovacao","recursos",34,0.483
"reg_sul","article","atividades","instituicao",23,0.482
"reg_sul","article","inovacao","privadas",28,0.481
"reg_sul","article","empresas","financiamento",22,0.479
"reg_sul","article","desenvolvimento","apoio",29,0.478
"reg_sul","article","atividades","icts",20,0.478
"reg_sul","article","tecnologia","projeto",36,0.471
"reg_sul","article","tecnologia","apoio",30,0.469
"lei_01","article","inovacao","tecnologia",75,0.888
"lei_01","article","inovacao","desenvolvimento",68,0.81
"lei_01","article","tecnologia","desenvolvimento",64,0.785
"lei_01","article","processos","produtos",23,0.754
"lei_01","article","icts","fomento",24,0.711
"lei_01","article","tecnologia","tecnologica",41,0.707
"lei_01","article","inovacao","tecnologica",41,0.686
"lei_01","article","desenvolvimento","tecnologica",39,0.677
"lei_01","article","empresas","servicos",28,0.676
"lei_01","article","tecnologia","ciencia",38,0.664
"lei_01","article","icts","apoio",22,0.663
"lei_01","article","desenvolvimento","projeto",41,0.651
"lei_01","article","servicos","produtos",22,0.643
"lei_01","article","ciencia","tecnologico",22,0.635
"lei_01","article","atividades","processos",25,0.635
"lei_01","article","atividades","apoio",24,0.63
"lei_01","article","desenvolvimento","atividades",40,0.629
"lei_01","article","empresas","processos",23,0.623
"lei_01","article","desenvolvimento","empresas",37,0.62
"lei_01","article","atividades","icts",27,0.619
"lei_01","article","atividades","empresas",29,0.618
"lei_01","article","tecnologica","ciencia",25,0.617
"lei_01","article","desenvolvimento","icts",34,0.613
"lei_01","article","inovacao","ciencia",36,0.61
"lei_01","article","fomento","apoio",18,0.61
"lei_01","article","empresas","produtos",22,0.606
"lei_01","article","tecnologia","tecnologico",30,0.605
"lei_01","article","fomento","tecnologico",18,0.6
"lei_01","article","tecnologia","projeto",38,0.599
"lei_01","article","inovacao","projeto",39,0.597
"lei_01","article","desenvolvimento","ciencia",34,0.597
"lei_01","article","projeto","meio",22,0.594
"lei_01","article","processos","estimulo",17,0.588
"lei_01","article","inovacao","tecnologico",30,0.587
"lei_01","article","atividades","projeto",29,0.586
"lei_01","article","tecnologia","acre",30,0.586
"lei_01","article","direito","transferencia",19,0.585
"lei_01","article","inovacao","empresas",36,0.582
"lei_01","article","projeto","empresas",27,0.581
"lei_01","article","desenvolvimento","estimulo",27,0.577
"lei_01","article","direito","instituicao",19,0.576
"lei_01","article","direito","fomento",18,0.572
"lei_01","article","inovacao","acre",30,0.569
"lei_01","article","atividades","fomento",22,0.568
"lei_01","article","desenvolvimento","fomento",28,0.568
"lei_01","article","desenvolvimento","tecnologico",28,0.568
"lei_01","article","atividades","instituicao",23,0.566
"lei_01","article","financiamento","projeto",28,0.566
"lei_01","article","empresas","tecnologica",24,0.565
"lei_01","article","tecnologia","atividades",36,0.562
"lei_01","article","inovacao","atividades",37,0.561
"lei_01","article","desenvolvimento","direito",29,0.561
"lei_01","article","tecnologia","direito",29,0.557
"lei_01","article","desenvolvimento","apoio",27,0.557
"lei_01","article","projeto","apoio",21,0.557
"lei_01","article","recursos","apoio",21,0.557
"lei_01","article","projeto","recursos",27,0.551
"lei_01","article","empresas","fomento",20,0.55
"lei_01","article","inovacao","fomento",28,0.548
"lei_01","article","projeto","direito",22,0.547
"lei_01","article","servicos","processos",19,0.546
"lei_01","article","tecnologia","entidades",30,0.545
"lei_01","article","tecnologico","apoio",16,0.542
"lei_01","article","desenvolvimento","instituicao",28,0.542
"lei_01","article","direito","tecnologico",17,0.54
"lei_01","article","entidades","tecnologico",18,0.54
"lei_01","article","inovacao","icts",31,0.539
"lei_01","article","desenvolvimento","processos",27,0.539
"lei_01","article","empresas","icts",22,0.538
"lei_01","article","servicos","transferencia",19,0.538
"lei_02","article","tecnologia","inovacao",30,0.924
"lei_02","article","alagoas","gabinete",19,0.872
"lei_02","article","tecnologia","desenvolvimento",24,0.807
"lei_02","article","inovacao","alagoas",22,0.79
"lei_02","article","desenvolvimento","atividades",16,0.784
"lei_02","article","inovacao","desenvolvimento",22,0.775
"lei_02","article","tecnologia","alagoas",22,0.755
"lei_02","article","tecnologica","ciencia",9,0.721
"lei_02","article","empresas","icts",8,0.713
"lei_02","article","desenvolvimento","meio",14,0.709
"lei_02","article","desenvolvimento","tecnologico",13,0.707
"lei_02","article","desenvolvimento","alagoas",18,0.706
"lei_02","article","recursos","financiamento",13,0.703
"lei_02","article","tecnologico","servicos",8,0.702
"lei_02","article","inovacao","meio",15,0.696
"lei_02","article","tecnologia","projeto",16,0.686
"lei_02","article","desenvolvimento","empresas",13,0.681
"lei_02","article","inovacao","projeto",15,0.674
"lei_02","article","tecnologia","gabinete",17,0.669
"lei_02","article","atividades","empresas",10,0.668
"lei_02","article","empresas","tecnologica",9,0.667
"lei_02","article","recursos","fundecti",10,0.662
"lei_02","article","inovacao","gabinete",16,0.659
"lei_02","article","desenvolvimento","tecnologica",12,0.653
"lei_02","article","alagoas","atividades",13,0.65
"lei_02","article","tecnologica","promover",7,0.647
"lei_02","article","tecnologia","atividades",15,0.643
"lei_02","article","alagoas","empresas",12,0.641
"lei_02","article","tecnologico","ciencia",8,0.641
"lei_02","article","transferencia","contratos",6,0.632
"lei_02","article","desenvolvimento","servicos",10,0.62
"lei_02","article","tecnologia","meio",14,0.62
"lei_02","article","alagoas","meio",12,0.62
"lei_02","article","tecnologia","tecnologica",13,0.618
"lei_02","article","tecnologia","tecnologico",13,0.618
"lei_02","article","tecnologica","fomento",7,0.614
"lei_02","article","tecnologica","transferencia",7,0.614
"lei_02","article","gabinete","empresas",10,0.613
"lei_02","article","fapeal","icts",6,0.603
"lei_02","article","meio","contratos",7,0.602
"lei_02","article","projeto","empresas",9,0.601
"lei_02","article","alagoas","projeto",12,0.6
"lei_02","article","alagoas","icts",9,0.6
"lei_02","article","desenvolvimento","instituicao",11,0.598
"lei_02","article","inovacao","tecnologica",12,0.598
"lei_02","article","inovacao","tecnologico",12,0.598
"lei_02","article","tecnologia","empresas",13,0.596
"lei_02","article","tecnologia","ciencia",12,0.594
"lei_02","article","empresas","tecnologico",8,0.593
"lei_02","article","inovacao","financiamento",14,0.593
"lei_02","article","empresas","transferencia",7,0.592
"lei_02","article","contratos","direito",5,0.589
"lei_02","article","desenvolvimento","projeto",12,0.588
"lei_02","article","desenvolvimento","icts",9,0.588
"lei_02","article","desenvolvimento","gabinete",13,0.585
"lei_02","article","inovacao","atividades",13,0.584
"lei_02","article","projeto","contratos",7,0.583
"lei_02","article","atividades","icts",7,0.583
"lei_02","article","projeto","promover",7,0.583
"lei_02","article","inovacao","recursos",14,0.577
"lei_02","article","inovacao","empresas",12,0.576
"lei_02","article","gabinete","atividades",10,0.574
"lei_02","article","gabinete","projeto",10,0.574
"lei_02","article","recursos","projeto",10,0.574
"lei_02","article","gabinete","instituicao",9,0.573
"lei_02","article","meio","fomento",7,0.572
"lei_02","article","inovacao","ciencia",11,0.57
"lei_02","article","inovacao","fomento",10,0.568
"lei_02","article","desenvolvimento","ciencia",10,0.566
"lei_02","article","tecnologia","financiamento",14,0.566
"lei_03","article","assembleia","legislativa",8,1
"lei_03","article","intelectual","propriedade",8,1
"lei_03","article","antiga","fone",7,1
"lei_03","article","antiga","manaus",7,1
"lei_03","article","fone","manaus",7,1
"lei_03","article","antiga","monteiro",7,1
"lei_03","article","fone","monteiro",7,1
"lei_03","article","manaus","monteiro",7,1
"lei_03","article","antiga","parque",7,1
"lei_03","article","fone","parque",7,1
"lei_03","article","manaus","parque",7,1
"lei_03","article","monteiro","parque",7,1
"lei_03","article","antiga","recife",7,1
"lei_03","article","fone","recife",7,1
"lei_03","article","manaus","recife",7,1
"lei_03","article","monteiro","recife",7,1
"lei_03","article","parque","recife",7,1
"lei_03","article","assembleia","antiga",7,0.935
"lei_03","article","legislativa","antiga",7,0.935
"lei_03","article","assembleia","fone",7,0.935
"lei_03","article","legislativa","fone",7,0.935
"lei_03","article","assembleia","manaus",7,0.935
"lei_03","article","legislativa","manaus",7,0.935
"lei_03","article","assembleia","monteiro",7,0.935
"lei_03","article","legislativa","monteiro",7,0.935
"lei_03","article","assembleia","parque",7,0.935
"lei_03","article","legislativa","parque",7,0.935
"lei_03","article","assembleia","recife",7,0.935
"lei_03","article","legislativa","recife",7,0.935
"lei_03","article","ciencia","institui",11,0.886
"lei_03","article","inovacao","tecnologica",12,0.828
"lei_03","article","tecnologia","ciencia",14,0.816
"lei_03","article","tecnologia","tecnologica",14,0.816
"lei_03","article","tecnologia","inovacao",14,0.789
"lei_03","article","ciencia","tecnologica",11,0.786
"lei_03","article","amazonas","assembleia",8,0.784
"lei_03","article","amazonas","legislativa",8,0.784
"lei_03","article","tecnologia","desenvolvimento",14,0.764
"lei_03","article","tecnologica","atividades",9,0.761
"lei_03","article","ciencia","instituicao",9,0.761
"lei_03","article","inovacao","ciencia",11,0.759
"lei_03","article","direito","empresas",6,0.756
"lei_03","article","projeto","direito",7,0.738
"lei_03","article","amazonas","antiga",7,0.734
"lei_03","article","amazonas","fone",7,0.734
"lei_03","article","amazonas","manaus",7,0.734
"lei_03","article","amazonas","monteiro",7,0.734
"lei_03","article","amazonas","parque",7,0.734
"lei_03","article","amazonas","recife",7,0.734
"lei_03","article","tecnologia","institui",11,0.724
"lei_03","article","projeto","cria",6,0.717
"lei_03","article","instituicao","estimulo",6,0.717
"lei_03","article","desenvolvimento","projeto",9,0.712
"lei_03","article","desenvolvimento","inovacao",11,0.71
"lei_03","article","tecnologica","empresas",7,0.707
"lei_03","article","institui","direito",7,0.704
"lei_03","article","inovacao","institui",9,0.701
"lei_03","article","desenvolvimento","amazonas",10,0.693
"lei_03","article","tecnologia","atividades",10,0.69
"lei_03","article","tecnologia","instituicao",10,0.69
"lei_03","article","institui","estimulo",6,0.684
"lei_03","article","ciencia","atividades",8,0.676
"lei_03","article","tecnologica","instituicao",8,0.676
"lei_03","article","instituicao","intelectual",6,0.671
"lei_03","article","instituicao","propriedade",6,0.671
"lei_03","article","desenvolvimento","tecnologica",10,0.668
"lei_03","article","institui","atividades",7,0.667
"lei_03","article","institui","instituicao",7,0.667
"lei_03","article","institui","projeto",7,0.667
"lei_03","article","tecnologia","amazonas",11,0.666
"lei_04","article","tecnologia","inovacao",36,0.891
"lei_04","article","tecnologia","desenvolvimento",29,0.807
"lei_04","article","tecnologia","empresas",26,0.763
"lei_04","article","inovacao","empresas",23,0.718
"lei_04","article","inovacao","desenvolvimento",23,0.681
"lei_04","article","desenvolvimento","empresas",19,0.668
"lei_04","article","tecnologia","tecnologica",20,0.666
"lei_04","article","transferencia","direito",7,0.639
"lei_04","article","inovacao","tecnologica",18,0.637
"lei_04","article","tecnologia","ciencia",17,0.629
"lei_04","article","ciencia","projeto",10,0.606
"lei_04","article","meio","tecnologico",8,0.603
"lei_04","article","financiamento","recursos",6,0.603
"lei_04","article","atividades","servicos",6,0.603
"lei_04","article","desenvolvimento","meio",13,0.593
"lei_04","article","empresas","governo",13,0.59
"lei_04","article","governo","meio",10,0.589
"lei_04","article","empresas","tecnologica",14,0.588
"lei_04","article","ciencia","tecnologico",8,0.585
"lei_04","article","empresas","financiamento",10,0.58
"lei_04","article","empresas","tecnologicos",9,0.577
"lei_04","article","transferencia","intelectual",6,0.577
"lei_04","article","tecnologia","governo",16,0.575
"lei_04","article","inovacao","governo",15,0.574
"lei_04","article","tecnologia","projeto",15,0.572
"lei_04","article","governo","tecnologico",8,0.569
"lei_04","article","ciencia","instituicao",9,0.564
"lei_04","article","desenvolvimento","tecnologica",14,0.558
"lei_04","article","projeto","privadas",7,0.553
"lei_04","article","tecnologia","instituicao",14,0.551
"lei_04","article","inovacao","ciencia",14,0.551
"lei_04","article","desenvolvimento","tecnologico",10,0.55
"lei_04","article","desenvolvimento","projeto",12,0.548
"lei_04","article","instituicao","atividades",7,0.545
"lei_04","article","inovacao","instituicao",13,0.545
"lei_04","article","tecnologica","base",7,0.54
"lei_04","article","ciencia","privadas",7,0.537
"lei_04","article","tecnologia","meio",14,0.534
"lei_04","article","financiamento","fomento",5,0.533
"lei_04","article","desenvolvimento","ciencia",12,0.531
"lei_04","article","empresas","meio",11,0.529
"lei_04","article","tecnologia","transferencia",12,0.528
"lei_04","article","inovacao","meio",13,0.527
"lei_04","article","empresas","tecnologico",9,0.522
"lei_04","article","empresas","recursos",8,0.513
"lei_04","article","tecnologia","atividades",11,0.506
"lei_04","article","tecnologia","tecnologico",11,0.506
"lei_04","article","financiamento","servicos",5,0.503
"lei_04","article","meio","projeto",8,0.5
"lei_04","article","empresas","instituicao",10,0.497
"lei_04","article","desenvolvimento","atividades",9,0.495
"lei_04","article","empresas","privadas",8,0.487
"lei_04","article","desenvolvimento","instrumentos",8,0.487
"lei_04","article","desenvolvimento","tecnologicos",8,0.487
"lei_04","article","inovacao","tecnologicos",9,0.487
"lei_04","article","tecnologia","direito",10,0.482
"lei_04","article","transferencia","instrumento",5,0.481
"lei_04","article","atividades","direito",5,0.477
"lei_04","article","financiamento","direito",5,0.477
"lei_04","article","tecnologica","ciencia",9,0.476
"lei_04","article","empresas","fomento",7,0.476
"lei_04","article","empresas","inovadoras",7,0.476
"lei_04","article","desenvolvimento","governo",11,0.473
"lei_04","article","recursos","inovadoras",4,0.471
"lei_04","article","governo","servicos",6,0.471
"lei_04","article","inovacao","transferencia",10,0.468
"lei_04","article","empresas","ciencia",10,0.467
"lei_04","article","tecnologica","atividades",7,0.461
"lei_04","article","tecnologia","financiamento",10,0.46
"lei_04","article","inovacao","base",8,0.459
"lei_05","article","apoio","fundacao",50,0.879
"lei_05","article","inovacao","tecnologia",62,0.811
"lei_05","article","inovacao","desenvolvimento",51,0.753
"lei_05","article","tecnologia","tecnologica",41,0.744
"lei_05","article","apoio","projeto",40,0.703
"lei_05","article","tecnologia","desenvolvimento",44,0.672
"lei_05","article","inovacao","tecnologica",38,0.668
"lei_05","article","apoio","recursos",40,0.667
"lei_05","article","icts","projeto",40,0.657
"lei_05","article","icts","atividades",41,0.638
"lei_05","article","tecnologia","ciencia",32,0.638
"lei_05","article","inovacao","projeto",41,0.634
"lei_05","article","desenvolvimento","projeto",35,0.631
"lei_05","article","fundacao","projeto",33,0.623
"lei_05","article","tecnologia","transferencia",28,0.615
"lei_05","article","inovacao","empresas",35,0.615
"lei_05","article","atividades","recursos",36,0.61
"lei_05","article","empresas","tecnologica",25,0.61
"lei_05","article","recursos","projeto",34,0.608
"lei_05","article","empresas","fomento",23,0.607
"lei_05","article","desenvolvimento","empresas",29,0.595
"lei_05","article","desenvolvimento","tecnologica",29,0.595
"lei_05","article","atividades","tecnologica",29,0.59
"lei_05","article","tecnologica","ciencia",22,0.589
"lei_05","article","projeto","financiamento",25,0.589
"lei_05","article","inovacao","estimulo",27,0.585
"lei_05","article","atividades","desenvolvimento",34,0.581
"lei_05","article","tecnologia","empresas",32,0.581
"lei_05","article","inovacao","ciencia",30,0.579
"lei_05","article","tecnologia","atividades",38,0.575
"lei_05","article","inovacao","atividades",39,0.571
"lei_05","article","inovacao","recursos",39,0.571
"lei_05","article","icts","apoio",37,0.566
"lei_05","article","inovacao","icts",42,0.565
"lei_05","article","inovacao","apoio",39,0.562
"lei_05","article","desenvolvimento","intelectual",20,0.56
"lei_05","article","tecnologia","projeto",35,0.559
"lei_05","article","recursos","fundacao",31,0.554
"lei_05","article","icts","empresas",29,0.541
"lei_05","article","icts","desenvolvimento",34,0.534
"lei_05","article","empresas","transferencia",18,0.531
"lei_05","article","atividades","empresas",26,0.529
"lei_05","article","tecnologia","icts",38,0.528
"lei_05","article","desenvolvimento","execucao",21,0.521
"lei_05","article","atividades","projeto",29,0.519
"lei_05","article","atividades","execucao",21,0.517
"lei_05","article","recursos","execucao",21,0.517
"lei_05","article","tecnologia","estimulo",23,0.515
"lei_05","article","recursos","desenvolvimento",30,0.513
"lei_05","article","apoio","gestao",20,0.512
"lei_05","article","icts","fundacao",31,0.509
"lei_05","article","icts","estimulo",22,0.506
"lei_05","article","desenvolvimento","estimulo",20,0.505
"lei_05","article","fundacao","estimulo",19,0.502
"lei_05","article","projeto","estimulo",19,0.502
"lei_05","article","empresas","intelectual",15,0.499
"lei_05","article","tecnologica","intelectual",15,0.499
"lei_05","article","desenvolvimento","entidades",19,0.499
"lei_05","article","tecnologia","financiamento",25,0.498
"lei_05","article","desenvolvimento","financiamento",22,0.495
"lei_05","article","projeto","gestao",18,0.494
"lei_05","article","projeto","tecnologica",23,0.493
"lei_05","article","apoio","estimulo",20,0.493
"lei_05","article","atividades","transferencia",20,0.492
"lei_05","article","recursos","tecnologica",24,0.488
"lei_05","article","tecnologica","servicos",19,0.488
"lei_05","article","apoio","desenvolvimento",29,0.488
"lei_05","article","icts","fomento",24,0.485
"lei_05","article","tecnologia","recursos",32,0.484
"lei_05","article","apoio","execucao",20,0.484
"lei_06","article","apoio","fundacao",21,0.808
"lei_06","article","inovacao","tecnologia",40,0.795
"lei_06","article","inovacao","desenvolvimento",41,0.79
"lei_06","article","desenvolvimento","tecnologia",37,0.779
"lei_06","article","tecnologia","tecnologica",24,0.722
"lei_06","article","inovacao","empresas",25,0.661
"lei_06","article","desenvolvimento","tecnologica",22,0.642
"lei_06","article","inovacao","tecnologica",23,0.633
"lei_06","article","tecnologico","ciencia",11,0.629
"lei_06","article","desenvolvimento","projeto",24,0.626
"lei_06","article","tecnologia","tecnologico",18,0.626
"lei_06","article","projeto","apoio",17,0.609
"lei_06","article","tecnologia","transferencia",17,0.608
"lei_06","article","desenvolvimento","tecnologico",18,0.606
"lei_06","article","empresas","tecnologica",15,0.6
"lei_06","article","inovacao","recursos",23,0.597
"lei_06","article","financiamento","meio",11,0.592
"lei_06","article","desenvolvimento","empresas",21,0.588
"lei_06","article","projeto","servicos",15,0.584
"lei_06","article","icts","projeto",18,0.581
"lei_06","article","tecnologia","empresas",20,0.578
"lei_06","article","tecnologia","ciencia",16,0.572
"lei_06","article","tecnologico","estimulo",10,0.572
"lei_06","article","entidades","gestao",8,0.571
"lei_06","article","execucao","contratos",9,0.567
"lei_06","article","inovacao","projeto",23,0.566
"lei_06","article","empresas","recursos",15,0.566
"lei_06","article","recursos","apoio",15,0.566
"lei_06","article","tecnologia","projeto",21,0.565
"lei_06","article","empresas","cear",11,0.557
"lei_06","article","inovacao","estimulo",17,0.556
"lei_06","article","desenvolvimento","cear",15,0.553
"lei_06","article","tecnologica","ciencia",11,0.545
"lei_06","article","icts","execucao",13,0.542
"lei_06","article","inovacao","tecnologico",17,0.54
"lei_06","article","tecnologia","recursos",19,0.539
"lei_06","article","fomento","cear",10,0.538
"lei_06","article","projeto","fundacao",15,0.537
"lei_06","article","desenvolvimento","financiamento",18,0.536
"lei_06","article","desenvolvimento","entidades",14,0.535
"lei_06","article","inovacao","fomento",19,0.534
"lei_06","article","tecnologia","cear",14,0.533
"lei_06","article","empresas","financiamento",13,0.532
"lei_06","article","atividades","icts",17,0.531
"lei_06","article","inovacao","atividades",22,0.524
"lei_06","article","empresas","entidades",10,0.524
"lei_06","article","empresas","gestao",10,0.524
"lei_06","article","inovacao","ciencia",16,0.523
"lei_06","article","apoio","estimulo",11,0.523
"lei_06","article","desenvolvimento","recursos",19,0.522
"lei_06","article","inovacao","cear",15,0.522
"lei_06","article","icts","apoio",15,0.52
"lei_06","article","desenvolvimento","ciencia",15,0.52
"lei_06","article","transferencia","gestao",8,0.519
"lei_06","article","instituicao","ciencia",10,0.517
"lei_06","article","recursos","contratos",10,0.514
"lei_06","article","recursos","gestao",10,0.514
"lei_06","article","tecnologia","entidades",13,0.512
"lei_06","article","apoio","execucao",11,0.508
"lei_06","article","empresas","tecnologico",11,0.508
"lei_06","article","empresas","meio",10,0.506
"lei_06","article","desenvolvimento","atividades",20,0.505
"lei_06","article","execucao","gestao",8,0.504
"lei_06","article","tecnologia","instituicao",16,0.503
"lei_06","article","tecnologia","servicos",16,0.503
"lei_06","article","apoio","instituicao",12,0.502
"lei_06","article","estimulo","meio",8,0.501
"lei_06","article","transferencia","meio",8,0.501
"lei_06","article","tecnologia","estimulo",14,0.501
"lei_06","article","inovacao","icts",21,0.501
"lei_07","article","inovacao","tecnologia",19,1
"lei_07","article","inovacao","distrital",17,0.919
"lei_07","article","tecnologia","distrital",17,0.919
"lei_07","article","tecnologicos","atividades",8,0.894
"lei_07","article","sistema","tecnologico",9,0.866
"lei_07","article","distrito","desenvolvimento",14,0.852
"lei_07","article","tecnologicos","tecnologico",8,0.843
"lei_07","article","distrital","distrito",15,0.833
"lei_07","article","inovacao","desenvolvimento",14,0.829
"lei_07","article","tecnologia","desenvolvimento",14,0.829
"lei_07","article","distrital","sistema",12,0.816
"lei_07","article","desenvolvimento","tecnologicos",10,0.816
"lei_07","article","inovacao","distrito",15,0.811
"lei_07","article","tecnologia","distrito",15,0.811
"lei_07","article","empresas","tecnologica",8,0.804
"lei_07","article","servicos","tecnologico",9,0.802
"lei_07","article","inovacao","sistema",12,0.795
"lei_07","article","tecnologia","sistema",12,0.795
"lei_07","article","distrital","empresas",11,0.782
"lei_07","article","distrito","empresas",11,0.782
"lei_07","article","desenvolvimento","ciencia",9,0.775
"lei_07","article","servicos","sistema",10,0.772
"lei_07","article","outros","apoio",5,0.772
"lei_07","article","inovacao","projeto",13,0.77
"lei_07","article","tecnologia","projeto",13,0.77
"lei_07","article","sistema","entidades",8,0.77
"lei_07","article","empresas","tecnologicos",8,0.763
"lei_07","article","servicos","tecnologicos",9,0.761
"lei_07","article","distrital","servicos",12,0.756
"lei_07","article","distrito","servicos",12,0.756
"lei_07","article","distrito","sistema",11,0.748
"lei_07","article","distrital","tecnologicos",10,0.745
"lei_07","article","distrito","tecnologicos",10,0.745
"lei_07","article","tecnologicos","ciencia",7,0.738
"lei_07","article","tecnologicos","tecnologica",7,0.738
"lei_07","article","inovacao","servicos",12,0.736
"lei_07","article","tecnologia","servicos",12,0.736
"lei_07","article","desenvolvimento","projeto",11,0.733
"lei_07","article","distrital","desenvolvimento",12,0.73
"lei_07","article","distrital","projeto",12,0.73
"lei_07","article","distrito","projeto",12,0.73
"lei_07","article","sistema","tecnologicos",8,0.73
"lei_07","article","desenvolvimento","atividades",8,0.73
"lei_07","article","inovacao","tecnologicos",10,0.725
"lei_07","article","tecnologia","tecnologicos",10,0.725
"lei_07","article","servicos","empresas",9,0.725
"lei_07","article","distrito","ciencia",9,0.707
"lei_07","article","distrital","entidades",9,0.707
"lei_07","article","distrito","financiamento",9,0.707
"lei_07","article","distrital","tecnologica",9,0.707
"lei_07","article","distrito","tecnologica",9,0.707
"lei_07","article","distrital","tecnologico",9,0.707
"lei_07","article","distrito","tecnologico",9,0.707
"lei_07","article","ciencia","atividades",6,0.707
"lei_07","article","entidades","atividades",6,0.707
"lei_07","article","tecnologica","atividades",6,0.707
"lei_07","article","tecnologico","atividades",6,0.707
"lei_07","article","empresas","entidades",7,0.704
"lei_07","article","empresas","tecnologico",7,0.704
"lei_07","article","desenvolvimento","empresas",9,0.701
"lei_07","article","projeto","empresas",9,0.701
"lei_07","article","sistema","empresas",8,0.696
"lei_07","article","inovacao","empresas",10,0.692
"lei_07","article","tecnologia","empresas",10,0.692
"lei_07","article","desenvolvimento","servicos",10,0.69
"lei_07","article","projeto","servicos",10,0.69
"lei_07","article","projeto","financiamento",8,0.689
"lei_07","article","desenvolvimento","tecnologica",8,0.689
"lei_07","article","desenvolvimento","tecnologico",8,0.689
"lei_07","article","inovacao","ciencia",9,0.688
"lei_08","article","maro","revogado",10,1
"lei_08","article","esprito","santo",8,1
"lei_08","article","dispositivo","maro",9,0.858
"lei_08","article","dispositivo","revogado",9,0.858
"lei_08","article","dispositivo","incluido",7,0.746
"lei_08","article","tecnologia","inovacao",16,0.746
"lei_08","article","atividades","ictes",14,0.7
"lei_08","article","tecnologia","ciencia",11,0.692
"lei_08","article","desenvolvimento","atividades",14,0.667
"lei_08","article","tecnologia","ictes",14,0.653
"lei_08","article","atividades","inovacao",13,0.65
"lei_08","article","tecnologia","desenvolvimento",14,0.622
"lei_08","article","ictes","inovacao",12,0.6
"lei_08","article","desenvolvimento","projeto",10,0.591
"lei_08","article","atividades","direito",9,0.581
"lei_08","article","desenvolvimento","inovacao",12,0.572
"lei_08","article","recursos","execuo",5,0.57
"lei_08","article","tecnologia","atividades",12,0.56
"lei_08","article","maro","incluido",5,0.559
"lei_08","article","revogado","incluido",5,0.559
"lei_08","article","atividades","empresas",9,0.558
"lei_08","article","atividades","projeto",9,0.558
"lei_08","article","desenvolvimento","direito",9,0.554
"lei_08","article","financiamento","direito",7,0.54
"lei_08","article","atividades","ciencia",8,0.539
"lei_08","article","inovacao","criao",8,0.539
"lei_08","article","empresas","projeto",7,0.538
"lei_08","article","financiamento","apoio",6,0.535
"lei_08","article","entidades","aprovao",4,0.535
"lei_08","article","recursos","entidades",5,0.533
"lei_08","article","desenvolvimento","empresas",9,0.532
"lei_08","article","desenvolvimento","ictes",11,0.524
"lei_08","article","projeto","empresa",5,0.524
"lei_08","article","direito","criao",6,0.522
"lei_08","article","atividades","apoio",7,0.522
"lei_08","article","financiamento","empresas",7,0.519
"lei_08","article","ictes","direito",8,0.516
"lei_08","article","desenvolvimento","ciencia",8,0.514
"lei_08","article","desenvolvimento","criao",8,0.514
"lei_08","article","inovacao","captulo",6,0.507
"lei_08","article","atividades","execuo",6,0.507
"lei_08","article","tecnologia","criao",8,0.503
"lei_08","article","recursos","instituies",5,0.503
"lei_08","article","projeto","ciencia",6,0.502
"lei_08","article","financiamento","dispositivo",6,0.483
"lei_08","article","financiamento","recursos",6,0.483
"lei_08","article","desenvolvimento","empresa",6,0.483
"lei_08","article","empresas","direito",6,0.48
"lei_08","article","atividades","financiamento",8,0.478
"lei_08","article","inovacao","ciencia",7,0.472
"lei_08","article","atividades","recursos",7,0.472
"lei_08","article","instituies","entidades",4,0.471
"lei_08","article","tecnologia","projeto",8,0.463
"lei_08","article","projeto","instituies",5,0.462
"lei_08","article","desenvolvimento","financiamento",8,0.456
"lei_08","article","inovacao","apoio",6,0.447
"lei_08","article","maro","esprito",4,0.447
"lei_08","article","revogado","esprito",4,0.447
"lei_08","article","maro","santo",4,0.447
"lei_08","article","revogado","santo",4,0.447
"lei_08","article","financiamento","instituies",5,0.445
"lei_08","article","financiamento","projeto",6,0.445
"lei_08","article","tecnologia","regulamento",6,0.442
"lei_08","article","direito","empresa",4,0.436
"lei_08","article","inovacao","empresas",7,0.434
"lei_08","article","dispositivo","esprito",4,0.426
"lei_08","article","dispositivo","santo",4,0.426
"lei_08","article","financiamento","maro",5,0.423
"lei_08","article","financiamento","revogado",5,0.423
"lei_08","article","ictes","captulo",5,0.423
"lei_09","article","intelectual","propriedade",21,0.934
"lei_09","article","inovacao","desenvolvimento",38,0.755
"lei_09","article","inovacao","tecnologia",38,0.711
"lei_09","article","tecnologia","desenvolvimento",34,0.695
"lei_09","article","tecnologia","tecnologica",21,0.635
"lei_09","article","desenvolvimento","projeto",20,0.629
"lei_09","article","tecnologia","tecnologico",20,0.62
"lei_09","article","desenvolvimento","atividades",21,0.607
"lei_09","article","projeto","apoio",12,0.603
"lei_09","article","atividades","tecnologica",14,0.599
"lei_09","article","inovacao","empresas",23,0.597
"lei_09","article","desenvolvimento","tecnologico",18,0.593
"lei_09","article","inovacao","atividades",22,0.582
"lei_09","article","tecnologia","transferencia",19,0.575
"lei_09","article","inovacao","projeto",20,0.575
"lei_09","article","icts","fomento",12,0.574
"lei_09","article","transferencia","direito",9,0.567
"lei_09","article","empresas","icts",14,0.562
"lei_09","article","icts","tecnologico",12,0.56
"lei_09","article","tecnologia","intelectual",19,0.549
"lei_09","article","desenvolvimento","tecnologica",17,0.547
"lei_09","article","intelectual","transferencia",12,0.546
"lei_09","article","atividades","projeto",13,0.544
"lei_09","article","fomento","apoio",10,0.541
"lei_09","article","icts","apoio",11,0.541
"lei_09","article","atividades","servicos",11,0.539
"lei_09","article","tecnologia","ciencia",15,0.537
"lei_09","article","tecnologica","tecnologico",11,0.537
"lei_09","article","inovacao","icts",19,0.534
"lei_09","article","meio","financiamento",9,0.533
"lei_09","article","desenvolvimento","ciencia",14,0.533
"lei_09","article","tecnologia","projeto",18,0.532
"lei_09","article","tecnologia","propriedade",18,0.532
"lei_09","article","empresas","fomento",12,0.53
"lei_09","article","recursos","apoio",10,0.527
"lei_09","article","projeto","tecnologico",11,0.524
"lei_09","article","tecnologico","ciencia",9,0.52
"lei_09","article","tecnologia","atividades",19,0.517
"lei_09","article","instituicao","ciencia",8,0.516
"lei_09","article","desenvolvimento","instituicao",14,0.516
"lei_09","article","inovacao","recursos",17,0.513
"lei_09","article","inovacao","tecnologico",17,0.513
"lei_09","article","propriedade","transferencia",11,0.512
"lei_09","article","atividades","apoio",11,0.508
"lei_09","article","tecnologia","empresas",19,0.507
"lei_09","article","tecnologica","fomento",10,0.501
"lei_09","article","inovacao","tecnologica",17,0.5
"lei_09","article","tecnologico","base",8,0.496
"lei_09","article","projeto","financiamento",9,0.495
"lei_09","article","inovacao","fomento",16,0.495
"lei_09","article","atividades","fomento",11,0.495
"lei_09","article","desenvolvimento","intelectual",16,0.492
"lei_09","article","tecnologia","icts",17,0.492
"lei_09","article","tecnologica","instituicao",9,0.491
"lei_09","article","inovacao","entidades",15,0.491
"lei_09","article","atividades","instituicao",10,0.49
"lei_09","article","tecnologia","apoio",15,0.49
"lei_09","article","recursos","entidades",9,0.488
"lei_09","article","inovacao","ciencia",14,0.487
"lei_09","article","inovacao","estimulo",14,0.487
"lei_09","article","atividades","tecnologico",11,0.482
"lei_09","article","projeto","instituicao",9,0.48
"lei_09","article","tecnologico","ambiente",8,0.478
"lei_09","article","inovacao","intelectual",17,0.478
"lei_09","article","tecnologia","fomento",15,0.477
"lei_09","article","tecnologia","meio",15,0.477
"lei_09","article","projeto","recursos",10,0.477
"lei_09","article","inovacao","apoio",15,0.477
"lei_09","article","tecnologico","apoio",9,0.474
"lei_09","article","empresas","recursos",11,0.473
"lei_10","article","assembleia","diretoria",21,1
"lei_10","article","assembleia","instalada",21,1
"lei_10","article","diretoria","instalada",21,1
"lei_10","article","assembleia","legislativa",21,1
"lei_10","article","diretoria","legislativa",21,1
"lei_10","article","instalada","legislativa",21,1
"lei_10","article","maranh","assembleia",21,0.899
"lei_10","article","maranh","diretoria",21,0.899
"lei_10","article","maranh","instalada",21,0.899
"lei_10","article","maranh","legislativa",21,0.899
"lei_10","article","inovacao","tecnologia",25,0.781
"lei_10","article","inovacao","desenvolvimento",24,0.75
"lei_10","article","inovacao","tecnologica",16,0.707
"lei_10","article","desenvolvimento","tecnologia",22,0.688
"lei_10","article","atividades","icts",14,0.683
"lei_10","article","empresas","tecnologica",11,0.667
"lei_10","article","desenvolvimento","projeto",16,0.667
"lei_10","article","tecnologia","transferencia",16,0.667
"lei_10","article","tecnologia","tecnologica",15,0.663
"lei_10","article","regulamento","direito",8,0.653
"lei_10","article","inovacao","empresas",15,0.643
"lei_10","article","desenvolvimento","tecnologico",13,0.637
"lei_10","article","tecnologia","tecnologico",13,0.637
"lei_10","article","icts","projeto",12,0.632
"lei_10","article","projeto","financiamento",11,0.629
"lei_10","article","inovacao","projeto",15,0.625
"lei_10","article","desenvolvimento","maranh",18,0.624
"lei_10","article","desenvolvimento","intelectual",13,0.614
"lei_10","article","atividades","apoio",10,0.605
"lei_10","article","atividades","recursos",12,0.601
"lei_10","article","tecnologia","financiamento",14,0.6
"lei_10","article","atividades","tecnologica",11,0.6
"lei_10","article","maranh","tecnologico",11,0.598
"lei_10","article","icts","empresas",11,0.597
"lei_10","article","inovacao","maranh",17,0.589
"lei_10","article","tecnologia","maranh",17,0.589
"lei_10","article","transferencia","tecnologica",10,0.589
"lei_10","article","inovacao","apoio",12,0.588
"lei_10","article","projeto","apoio",9,0.588
"lei_10","article","projeto","tecnologico",9,0.588
"lei_10","article","inovacao","atividades",15,0.579
"lei_10","article","desenvolvimento","atividades",15,0.579
"lei_10","article","recursos","apoio",9,0.573
"lei_10","article","desenvolvimento","recursos",14,0.568
"lei_10","article","atividades","projeto",11,0.566
"lei_10","article","inovacao","estimulo",11,0.561
"lei_10","article","apoio","estimulo",7,0.56
"lei_10","article","desenvolvimento","empresas",13,0.557
"lei_10","article","tecnologia","empresas",13,0.557
"lei_10","article","desenvolvimento","financiamento",13,0.557
"lei_10","article","inovacao","icts",14,0.553
"lei_10","article","assembleia","tecnologica",10,0.546
"lei_10","article","diretoria","tecnologica",10,0.546
"lei_10","article","instalada","tecnologica",10,0.546
"lei_10","article","legislativa","tecnologica",10,0.546
"lei_10","article","atividades","execucao",9,0.545
"lei_10","article","icts","financiamento",10,0.542
"lei_10","article","tecnologia","projeto",13,0.542
"lei_10","article","recursos","projeto",10,0.541
"lei_10","article","recursos","transferencia",10,0.541
"lei_10","article","inovacao","assembleia",14,0.54
"lei_10","article","desenvolvimento","assembleia",14,0.54
"lei_10","article","inovacao","diretoria",14,0.54
"lei_10","article","desenvolvimento","diretoria",14,0.54
"lei_10","article","inovacao","instalada",14,0.54
"lei_10","article","desenvolvimento","instalada",14,0.54
"lei_10","article","inovacao","legislativa",14,0.54
"lei_10","article","desenvolvimento","legislativa",14,0.54
"lei_10","article","maranh","tecnologica",11,0.539
"lei_10","article","empresas","tecnologico",8,0.538
"lei_11","article","intelectual","propriedade",7,1
"lei_11","article","processos","produtos",6,0.857
"lei_11","article","inovacao","tecnologica",11,0.786
"lei_11","article","projeto","processos",7,0.764
"lei_11","article","projeto","produtos",7,0.764
"lei_11","article","tecnologia","tecnologica",13,0.758
"lei_11","article","tecnologia","inovacao",12,0.7
"lei_11","article","direito","cada",4,0.676
"lei_11","article","tecnologica","incentivo",6,0.655
"lei_11","article","empresas","direito",5,0.63
"lei_11","article","empresas","ebts",5,0.63
"lei_11","article","empresas","instituicao",5,0.63
"lei_11","article","empresas","produtos",5,0.63
"lei_11","article","inovacao","empresas",7,0.624
"lei_11","article","fiit","recursos",8,0.617
"lei_11","article","ebts","ambito",4,0.617
"lei_11","article","instituicao","ambito",4,0.617
"lei_11","article","intelectual","ictmgs",4,0.617
"lei_11","article","propriedade","ictmgs",4,0.617
"lei_11","article","instituicao","inventor",4,0.617
"lei_11","article","desenvolvimento","instituicao",7,0.607
"lei_11","article","desenvolvimento","processos",7,0.607
"lei_11","article","desenvolvimento","produtos",7,0.607
"lei_11","article","desenvolvimento","projeto",9,0.596
"lei_11","article","atividades","direito",4,0.571
"lei_11","article","direito","instituicao",4,0.571
"lei_11","article","ebts","instituicao",4,0.571
"lei_11","article","atividades","processos",4,0.571
"lei_11","article","direito","processos",4,0.571
"lei_11","article","instituicao","processos",4,0.571
"lei_11","article","direito","produtos",4,0.571
"lei_11","article","desenvolvimento","ambito",6,0.562
"lei_11","article","financiamento","recursos",8,0.552
"lei_11","article","tecnologia","desenvolvimento",11,0.551
"lei_11","article","inventor","base",3,0.548
"lei_11","article","projeto","direito",5,0.546
"lei_11","article","projeto","instituicao",5,0.546
"lei_11","article","inovacao","ambito",5,0.546
"lei_11","article","inovacao","incentivo",5,0.546
"lei_11","article","empresas","ambito",4,0.544
"lei_11","article","tecnologica","projeto",7,0.54
"lei_11","article","desenvolvimento","empresas",7,0.535
"lei_11","article","tecnologica","empresas",6,0.535
"lei_11","article","tecnologia","ictmgs",6,0.535
"lei_11","article","tecnologia","incentivo",6,0.535
"lei_11","article","financiamento","projeto",7,0.522
"lei_11","article","desenvolvimento","atividades",6,0.52
"lei_11","article","desenvolvimento","intelectual",6,0.52
"lei_11","article","desenvolvimento","propriedade",6,0.52
"lei_11","article","tecnologia","empresas",7,0.509
"lei_11","article","intelectual","base",3,0.507
"lei_11","article","propriedade","base",3,0.507
"lei_11","article","observado","cada",3,0.507
"lei_11","article","tecnologica","atividades",5,0.505
"lei_11","article","tecnologica","direito",5,0.505
"lei_11","article","inovacao","ebts",5,0.505
"lei_11","article","inovacao","instituicao",5,0.505
"lei_11","article","tecnologica","instituicao",5,0.505
"lei_11","article","inovacao","intelectual",5,0.505
"lei_11","article","tecnologica","intelectual",5,0.505
"lei_11","article","inovacao","propriedade",5,0.505
"lei_11","article","tecnologica","propriedade",5,0.505
"lei_11","article","empresas","atividades",4,0.504
"lei_11","article","empresas","processos",4,0.504
"lei_11","article","ambito","inventor",3,0.5
"lei_11","article","ictmgs","transferencia",3,0.5
"lei_11","article","tecnologia","atividades",6,0.495
"lei_11","article","tecnologia","intelectual",6,0.495
"lei_11","article","tecnologia","propriedade",6,0.495
"lei_11","article","desenvolvimento","tecnologica",8,0.491
"lei_12","article","grosso","mato",18,1
"lei_12","article","direta","indireta",14,0.966
"lei_12","article","inovacao","tecnologia",45,0.884
"lei_12","article","financiamento","meio",13,0.685
"lei_12","article","inovacao","desenvolvimento",30,0.671
"lei_12","article","tecnologico","ciencia",10,0.668
"lei_12","article","tecnologia","desenvolvimento",28,0.664
"lei_12","article","desenvolvimento","tecnologico",16,0.658
"lei_12","article","tecnologia","tecnologica",20,0.645
"lei_12","article","desenvolvimento","projeto",17,0.625
"lei_12","article","entidades","empresas",16,0.623
"lei_12","article","estimulo","servicos",9,0.621
"lei_12","article","inovacao","financiamento",22,0.611
"lei_12","article","entidades","icts",16,0.609
"lei_12","article","inovacao","tecnologica",20,0.609
"lei_12","article","tecnologica","ciencia",10,0.598
"lei_12","article","tecnologica","servicos",10,0.598
"lei_12","article","atividades","tecnologica",13,0.593
"lei_12","article","tecnologia","financiamento",20,0.589
"lei_12","article","grosso","tecnologico",10,0.589
"lei_12","article","mato","tecnologico",10,0.589
"lei_12","article","entidades","privadas",12,0.586
"lei_12","article","desenvolvimento","icts",17,0.583
"lei_12","article","icts","empresas",13,0.578
"lei_12","article","tecnologia","tecnologico",16,0.577
"lei_12","article","empresas","tecnologica",12,0.572
"lei_12","article","ciencia","servicos",8,0.571
"lei_12","article","entidades","recursos",15,0.571
"lei_12","article","inovacao","recursos",20,0.568
"lei_12","article","grosso","ciencia",9,0.567
"lei_12","article","mato","ciencia",9,0.567
"lei_12","article","financiamento","empresas",13,0.566
"lei_12","article","entidades","instrumentos",12,0.566
"lei_12","article","transferencia","meio",9,0.564
"lei_12","article","desenvolvimento","empresas",16,0.561
"lei_12","article","tecnologia","transferencia",16,0.56
"lei_12","article","tecnologia","atividades",19,0.56
"lei_12","article","icts","projeto",12,0.56
"lei_12","article","icts","privadas",10,0.557
"lei_12","article","inovacao","atividades",20,0.556
"lei_12","article","atividades","recursos",13,0.553
"lei_12","article","inovacao","projeto",18,0.548
"lei_12","article","financiamento","projeto",12,0.548
"lei_12","article","inovacao","entidades",22,0.547
"lei_12","article","financiamento","transferencia",11,0.545
"lei_12","article","tecnologia","grosso",16,0.544
"lei_12","article","tecnologia","mato",16,0.544
"lei_12","article","desenvolvimento","entidades",18,0.54
"lei_12","article","tecnologia","ciencia",14,0.54
"lei_12","article","inovacao","icts",19,0.539
"lei_12","article","icts","meio",10,0.538
"lei_12","article","desenvolvimento","atividades",16,0.537
"lei_12","article","desenvolvimento","financiamento",16,0.537
"lei_12","article","entidades","indireta",11,0.537
"lei_12","article","tecnologico","servicos",8,0.535
"lei_12","article","entidades","projeto",13,0.531
"lei_12","article","inovacao","transferencia",16,0.528
"lei_12","article","desenvolvimento","ciencia",12,0.527
"lei_12","article","inovacao","estimulo",15,0.527
"lei_12","article","financiamento","direta",10,0.527
"lei_12","article","empresas","projeto",11,0.524
"lei_12","article","entidades","financiamento",14,0.522
"lei_12","article","icts","recursos",12,0.522
"lei_12","article","transferencia","privadas",8,0.519
"lei_12","article","entidades","meio",11,0.519
"lei_12","article","entidades","direta",11,0.519
"lei_12","article","entidades","estimulo",11,0.519
"lei_12","article","desenvolvimento","transferencia",13,0.518
"lei_12","article","desenvolvimento","tecnologica",14,0.515
"lei_12","article","recursos","projeto",11,0.513
"lei_13","article","grosso","mato",19,1
"lei_13","article","assembleia","legislativa",14,1
"lei_13","article","assembleia","legislativos",14,1
"lei_13","article","legislativa","legislativos",14,1
"lei_13","article","secretaria","assembleia",14,0.935
"lei_13","article","secretaria","legislativa",14,0.935
"lei_13","article","secretaria","legislativos",14,0.935
"lei_13","article","grosso","secretaria",15,0.86
"lei_13","article","mato","secretaria",15,0.86
"lei_13","article","grosso","assembleia",14,0.858
"lei_13","article","mato","assembleia",14,0.858
"lei_13","article","servicos","assembleia",14,0.858
"lei_13","article","grosso","legislativa",14,0.858
"lei_13","article","mato","legislativa",14,0.858
"lei_13","article","servicos","legislativa",14,0.858
"lei_13","article","grosso","legislativos",14,0.858
"lei_13","article","mato","legislativos",14,0.858
"lei_13","article","servicos","legislativos",14,0.858
"lei_13","article","inovacao","tecnologia",30,0.857
"lei_13","article","servicos","secretaria",14,0.803
"lei_13","article","grosso","servicos",15,0.789
"lei_13","article","mato","servicos",15,0.789
"lei_13","article","icts","apoio",9,0.789
"lei_13","article","inovacao","desenvolvimento",24,0.77
"lei_13","article","tecnologia","tecnologica",20,0.767
"lei_13","article","atividades","projeto",14,0.746
"lei_13","article","recursos","apoio",9,0.735
"lei_13","article","recursos","icts",10,0.716
"lei_13","article","inovacao","tecnologica",19,0.708
"lei_13","article","tecnologia","transferencia",17,0.707
"lei_13","article","projeto","financiamento",10,0.693
"lei_13","article","projeto","execucao",9,0.678
"lei_13","article","tecnologica","empresas",12,0.671
"lei_13","article","atividades","tecnologica",14,0.667
"lei_13","article","execucao","apoio",7,0.667
"lei_13","article","atividades","recursos",12,0.661
"lei_13","article","tecnologia","desenvolvimento",20,0.66
"lei_13","article","desenvolvimento","atividades",16,0.656
"lei_13","article","desenvolvimento","recursos",13,0.646
"lei_13","article","desenvolvimento","tecnologica",15,0.645
"lei_13","article","projeto","recursos",10,0.645
"lei_13","article","tecnologia","empresas",15,0.643
"lei_13","article","projeto","apoio",8,0.632
"lei_13","article","desenvolvimento","empresas",13,0.625
"lei_13","article","desenvolvimento","projeto",13,0.625
"lei_13","article","inovacao","empresas",15,0.625
"lei_13","article","inovacao","projeto",15,0.625
"lei_13","article","empresas","financiamento",9,0.624
"lei_13","article","empresas","icts",9,0.624
"lei_13","article","projeto","icts",9,0.624
"lei_13","article","recursos","entidades",8,0.623
"lei_13","article","recursos","execucao",8,0.623
"lei_13","article","fomento","icts",8,0.615
"lei_13","article","tecnologica","projeto",11,0.615
"lei_13","article","tecnologica","ciencia",9,0.607
"lei_13","article","atividades","apoio",9,0.607
"lei_13","article","transferencia","direito",9,0.605
"lei_13","article","inovacao","atividades",17,0.604
"lei_13","article","empresas","entidades",8,0.603
"lei_13","article","tecnologica","transferencia",11,0.597
"lei_13","article","direito","entidades",7,0.585
"lei_13","article","financiamento","entidades",7,0.585
"lei_13","article","icts","execucao",7,0.585
"lei_13","article","empresas","recursos",9,0.581
"lei_13","article","desenvolvimento","execucao",10,0.58
"lei_13","article","atividades","execucao",9,0.579
"lei_13","article","inovacao","grosso",15,0.574
"lei_13","article","inovacao","mato",15,0.574
"lei_13","article","tecnologia","financiamento",12,0.571
"lei_13","article","transferencia","recursos",9,0.564
"lei_14","article","tecnologia","inovacao",27,0.836
"lei_14","article","tecnologia","tecnologica",23,0.799
"lei_14","article","tecnologia","desenvolvimento",24,0.784
"lei_14","article","inovacao","desenvolvimento",21,0.765
"lei_14","article","ciencia","tecnologico",10,0.7
"lei_14","article","inovacao","tecnologica",18,0.697
"lei_14","article","tecnologia","ciencia",17,0.687
"lei_14","article","desenvolvimento","tecnologico",12,0.679
"lei_14","article","desenvolvimento","ciencia",14,0.666
"lei_14","article","desenvolvimento","tecnologica",16,0.654
"lei_14","article","instituicao","execucao",7,0.639
"lei_14","article","estimulo","processo",6,0.632
"lei_14","article","inovacao","ciencia",14,0.631
"lei_14","article","apoio","fomento",6,0.612
"lei_14","article","apoio","recursos",7,0.609
"lei_14","article","tecnologica","ciencia",12,0.607
"lei_14","article","recursos","financiamento",6,0.603
"lei_14","article","inovacao","estimulo",10,0.587
"lei_14","article","projeto","apoio",7,0.583
"lei_14","article","empresas","tecnologico",7,0.583
"lei_14","article","tecnologia","tecnologico",12,0.577
"lei_14","article","tecnologico","voltadas",6,0.577
"lei_14","article","atividades","privado",7,0.572
"lei_14","article","direito","privado",7,0.572
"lei_14","article","ciencia","atividades",9,0.564
"lei_14","article","ciencia","instituicao",9,0.564
"lei_14","article","tecnologia","instituicao",13,0.559
"lei_14","article","desenvolvimento","atividades",11,0.557
"lei_14","article","desenvolvimento","instituicao",11,0.557
"lei_14","article","desenvolvimento","conforme",8,0.555
"lei_14","article","apoio","privado",6,0.548
"lei_14","article","atividades","fomento",6,0.548
"lei_14","article","tecnologica","atividades",10,0.538
"lei_14","article","inovacao","empresas",10,0.536
"lei_14","article","inovacao","tecnologico",10,0.536
"lei_14","article","recursos","execucao",5,0.533
"lei_14","article","recursos","fomento",5,0.533
"lei_14","article","desenvolvimento","economicos",9,0.532
"lei_14","article","tecnologia","empresas",11,0.529
"lei_14","article","tecnologica","privado",8,0.528
"lei_14","article","inovacao","instituicao",11,0.527
"lei_14","article","tecnologia","estimulo",10,0.527
"lei_14","article","privado","processo",5,0.527
"lei_14","article","privado","voltadas",5,0.527
"lei_14","article","instituicao","projeto",7,0.522
"lei_14","article","atividades","apoio",7,0.522
"lei_14","article","instituicao","apoio",7,0.522
"lei_14","article","tecnologia","direito",12,0.516
"lei_14","article","atividades","processo",6,0.516
"lei_14","article","atividades","voltadas",6,0.516
"lei_14","article","apoio","execucao",5,0.51
"lei_14","article","desenvolvimento","projeto",9,0.51
"lei_14","article","desenvolvimento","empresas",9,0.51
"lei_14","article","economicos","voltadas",5,0.503
"lei_14","article","tecnologia","processo",9,0.5
"lei_14","article","execucao","fomento",4,0.5
"lei_14","article","inovacao","processo",8,0.495
"lei_14","article","ciencia","apoio",7,0.49
"lei_14","article","atividades","estimulo",6,0.49
"lei_14","article","instituicao","estimulo",6,0.49
"lei_14","article","tecnologica","processo",7,0.487
"lei_14","article","ciencia","voltadas",6,0.485
"lei_14","article","inovacao","projeto",9,0.482
"lei_14","article","tecnologica","tecnologico",8,0.482
"lei_14","article","projeto","financiamento",5,0.481
"lei_14","article","apoio","financiamento",5,0.481
"lei_14","article","empresas","processo",5,0.481
"lei_14","article","empresas","voltadas",5,0.481
"lei_14","article","economicos","privado",5,0.477
"lei_14","article","tecnologia","privado",9,0.474
"lei_15","article","apoio","fundacao",13,0.777
"lei_15","article","tecnologia","inovacao",30,0.77
"lei_15","article","inovacao","desenvolvimento",26,0.723
"lei_15","article","desenvolvimento","projeto",22,0.703
"lei_15","article","inovacao","tecnologica",19,0.698
"lei_15","article","tecnologia","tecnologica",20,0.698
"lei_15","article","tecnologia","desenvolvimento",26,0.686
"lei_15","article","inovacao","empresas",18,0.662
"lei_15","article","inovacao","projeto",21,0.652
"lei_15","article","empresas","tecnologica",13,0.65
"lei_15","article","desenvolvimento","tecnologica",17,0.643
"lei_15","article","atividades","apoio",16,0.632
"lei_15","article","tecnologia","ciencia",17,0.626
"lei_15","article","tecnologia","transferencia",17,0.626
"lei_15","article","tecnologia","projeto",21,0.62
"lei_15","article","tecnologia","atividades",22,0.607
"lei_15","article","instituicao","entidades",9,0.605
"lei_15","article","apoio","instituicao",11,0.597
"lei_15","article","tecnologia","empresas",17,0.594
"lei_15","article","recursos","apoio",13,0.593
"lei_15","article","projeto","financiamento",14,0.592
"lei_15","article","projeto","apoio",14,0.592
"lei_15","article","atividades","icts",16,0.59
"lei_15","article","inovacao","apoio",16,0.588
"lei_15","article","inovacao","atividades",20,0.581
"lei_15","article","apoio","fomento",11,0.58
"lei_15","article","empresas","fomento",11,0.58
"lei_15","article","atividades","recursos",16,0.577
"lei_15","article","transferencia","estimulo",8,0.569
"lei_15","article","atividades","projeto",17,0.568
"lei_15","article","desenvolvimento","atividades",19,0.568
"lei_15","article","icts","empresas",12,0.56
"lei_15","article","tecnologia","apoio",16,0.559
"lei_15","article","desenvolvimento","recursos",16,0.552
"lei_15","article","recursos","empresas",12,0.548
"lei_15","article","inovacao","estimulo",11,0.545
"lei_15","article","icts","fomento",11,0.541
"lei_15","article","apoio","estimulo",8,0.539
"lei_15","article","inovacao","recursos",16,0.537
"lei_15","article","desenvolvimento","intelectual",11,0.537
"lei_15","article","atividades","execucao",12,0.53
"lei_15","article","recursos","transferencia",11,0.529
"lei_15","article","desenvolvimento","financiamento",14,0.529
"lei_15","article","desenvolvimento","empresas",14,0.529
"lei_15","article","empresas","transferencia",10,0.527
"lei_15","article","tecnologia","financiamento",15,0.524
"lei_15","article","transferencia","entidades",8,0.523
"lei_15","article","inovacao","gestao",11,0.522
"lei_15","article","tecnologia","icts",16,0.521
"lei_15","article","projeto","execucao",11,0.52
"lei_15","article","tecnologia","estimulo",11,0.518
"lei_15","article","fomento","instituicao",9,0.514
"lei_15","article","atividades","tecnologica",13,0.514
"lei_15","article","recursos","entidades",9,0.51
"lei_15","article","projeto","tecnologica",12,0.507
"lei_15","article","desenvolvimento","execucao",12,0.507
"lei_15","article","projeto","fundacao",10,0.505
"lei_15","article","inovacao","transferencia",13,0.504
"lei_15","article","apoio","execucao",9,0.503
"lei_15","article","inovacao","entidades",11,0.502
"lei_15","article","projeto","recursos",13,0.501
"lei_15","article","financiamento","entidades",8,0.496
"lei_15","article","apoio","entidades",8,0.496
"lei_15","article","empresas","entidades",8,0.496
"lei_15","article","inovacao","execucao",12,0.493
"lei_15","article","desenvolvimento","apoio",13,0.491
"lei_15","article","fundacao","estimulo",6,0.483
"lei_15","article","inovacao","icts",14,0.48
"lei_15","article","tecnologia","servicos",13,0.479
"lei_15","article","inovacao","instituicao",12,0.478
"lei_16","article","tecnologia","inovacao",24,0.843
"lei_16","article","empresas","tecnologica",12,0.75
"lei_16","article","empresas","estimulo",11,0.735
"lei_16","article","tecnologia","tecnologica",16,0.73
"lei_16","article","direta","tecnologico",8,0.727
"lei_16","article","inovacao","empresas",15,0.722
"lei_16","article","inovacao","tecnologica",15,0.722
"lei_16","article","inovacao","estimulo",14,0.72
"lei_16","article","tecnologia","desenvolvimento",19,0.708
"lei_16","article","tecnologia","empresas",15,0.685
"lei_16","article","inovacao","desenvolvimento",17,0.668
"lei_16","article","entidades","economicos",7,0.667
"lei_16","article","direito","economicos",7,0.667
"lei_16","article","economicos","tecnologico",7,0.667
"lei_16","article","tecnologia","transferencia",14,0.66
"lei_16","article","inovacao","icts",14,0.653
"lei_16","article","empresas","intelectual",9,0.65
"lei_16","article","tecnologia","financiamento",14,0.639
"lei_16","article","entidades","direta",7,0.636
"lei_16","article","tecnologia","estimulo",13,0.634
"lei_16","article","recursos","transferencia",10,0.626
"lei_16","article","tecnologia","recursos",14,0.62
"lei_16","article","desenvolvimento","direta",10,0.615
"lei_16","article","desenvolvimento","tecnologico",10,0.615
"lei_16","article","projeto","empresas",11,0.615
"lei_16","article","projeto","financiamento",11,0.615
"lei_16","article","projeto","tecnologica",11,0.615
"lei_16","article","tecnologia","projeto",15,0.612
"lei_16","article","desenvolvimento","financiamento",12,0.612
"lei_16","article","inovacao","recursos",13,0.607
"lei_16","article","empresas","recursos",10,0.606
"lei_16","article","recursos","financiamento",10,0.606
"lei_16","article","atividades","tecnologica",10,0.606
"lei_16","article","tecnologia","tecnologico",11,0.606
"lei_16","article","empresas","entidades",8,0.603
"lei_16","article","empresas","direta",8,0.603
"lei_16","article","financiamento","direta",8,0.603
"lei_16","article","financiamento","tecnologico",8,0.603
"lei_16","article","inovacao","projeto",14,0.602
"lei_16","article","tecnologica","estimulo",9,0.601
"lei_16","article","projeto","estimulo",10,0.598
"lei_16","article","transferencia","intelectual",8,0.596
"lei_16","article","atividades","icts",10,0.588
"lei_16","article","execucao","instituicao",7,0.585
"lei_16","article","icts","entidades",8,0.585
"lei_16","article","recursos","entidades",8,0.585
"lei_16","article","atividades","apoio",8,0.585
"lei_16","article","icts","apoio",8,0.585
"lei_16","article","icts","direito",8,0.585
"lei_16","article","icts","instituicao",8,0.585
"lei_16","article","tecnologica","transferencia",9,0.581
"lei_16","article","inovacao","apoio",10,0.58
"lei_16","article","financiamento","desde",8,0.577
"lei_16","article","tecnologica","intelectual",8,0.577
"lei_16","article","tecnologia","ciencia",10,0.577
"lei_16","article","tecnologia","atividades",13,0.576
"lei_16","article","tecnologia","icts",13,0.576
"lei_16","article","direta","economicos",6,0.572
"lei_16","article","tecnologico","ciencia",6,0.572
"lei_16","article","apoio","gestao",6,0.572
"lei_16","article","tecnologia","regulamento",12,0.566
"lei_16","article","estimulo","apoio",7,0.564
"lei_16","article","icts","transferencia",9,0.564
"lei_16","article","empresas","financiamento",9,0.562
"lei_16","article","inovacao","atividades",12,0.56
"lei_16","article","desenvolvimento","direito",9,0.554
"lei_16","article","financiamento","economicos",7,0.553
"lei_16","article","financiamento","contrato",7,0.553
"lei_16","article","empresas","gestao",7,0.553
"lei_16","article","transferencia","estimulo",8,0.552
"lei_17","article","tecnologia","tecnologica",20,0.861
"lei_17","article","inovacao","tecnologia",23,0.771
"lei_17","article","apoio","fundacao",9,0.761
"lei_17","article","inovacao","desenvolvimento",22,0.751
"lei_17","article","desenvolvimento","tecnologia",19,0.717
"lei_17","article","recursos","projeto",11,0.71
"lei_17","article","inovacao","tecnologica",18,0.701
"lei_17","article","inovacao","projeto",15,0.674
"lei_17","article","instituicao","apoio",10,0.668
"lei_17","article","tecnologia","ciencia",12,0.667
"lei_17","article","desenvolvimento","projeto",13,0.658
"lei_17","article","atividades","tecnologica",14,0.653
"lei_17","article","instituicao","ciencia",9,0.65
"lei_17","article","recursos","financiamento",9,0.65
"lei_17","article","tecnologia","atividades",16,0.642
"lei_17","article","financiamento","tecnologico",7,0.639
"lei_17","article","desenvolvimento","recursos",13,0.637
"lei_17","article","recursos","execucao",8,0.632
"lei_17","article","lucrativos","direito",6,0.632
"lei_17","article","lucrativos","entidades",6,0.632
"lei_17","article","inovacao","empresas",14,0.629
"lei_17","article","recursos","icts",10,0.625
"lei_17","article","desenvolvimento","financiamento",11,0.623
"lei_17","article","desenvolvimento","tecnologico",10,0.62
"lei_17","article","inovacao","atividades",17,0.617
"lei_17","article","desenvolvimento","tecnologica",14,0.614
"lei_17","article","desenvolvimento","atividades",15,0.613
"lei_17","article","inovacao","recursos",14,0.609
"lei_17","article","fomento","estimulo",7,0.609
"lei_17","article","financiamento","transferencia",7,0.609
"lei_17","article","fomento","transferencia",7,0.609
"lei_17","article","tecnologia","tecnologico",10,0.609
"lei_17","article","transferencia","direito",6,0.603
"lei_17","article","recursos","apoio",9,0.601
"lei_17","article","ensino","fundacao",6,0.6
"lei_17","article","tecnologia","empresas",12,0.596
"lei_17","article","projeto","financiamento",8,0.596
"lei_17","article","empresas","fomento",8,0.596
"lei_17","article","financiamento","fomento",7,0.583
"lei_17","article","tecnologica","ciencia",9,0.581
"lei_17","article","tecnologia","transferencia",10,0.58
"lei_17","article","recursos","fomento",8,0.577
"lei_17","article","icts","fomento",8,0.577
"lei_17","article","inovacao","estimulo",11,0.577
"lei_17","article","tecnologica","empresas",10,0.577
"lei_17","article","atividades","recursos",11,0.573
"lei_17","article","transferencia","tecnologico",6,0.572
"lei_17","article","projeto","execucao",7,0.572
"lei_17","article","tecnologia","apoio",11,0.566
"lei_17","article","apoio","piau",7,0.564
"lei_17","article","recursos","instituicao",9,0.562
"lei_17","article","tecnologica","instituicao",10,0.559
"lei_17","article","atividades","apoio",10,0.557
"lei_17","article","tecnologia","financiamento",10,0.556
"lei_17","article","direito","entidades",5,0.556
"lei_17","article","icts","execucao",7,0.553
"lei_17","article","recursos","tecnologico",7,0.553
"lei_17","article","inovacao","ciencia",11,0.553
"lei_17","article","inovacao","financiamento",11,0.553
"lei_17","article","inovacao","fomento",11,0.553
"lei_17","article","projeto","apoio",8,0.552
"lei_17","article","ciencia","tecnologico",6,0.548
"lei_17","article","tecnologia","projeto",11,0.547
"lei_17","article","projeto","piau",7,0.545
"lei_17","article","atividades","ciencia",9,0.542
"lei_17","article","apoio","fomento",7,0.54
"lei_17","article","tecnologica","apoio",9,0.538
"lei_17","article","desenvolvimento","piau",9,0.532
"lei_17","article","desenvolvimento","transferencia",9,0.532
"lei_17","article","recursos","servicos",6,0.53
"lei_18","article","inovacao","desenvolvimento",39,0.797
"lei_18","article","inovacao","tecnologia",38,0.786
"lei_18","article","servicos","produtos",14,0.771
"lei_18","article","desenvolvimento","tecnologia",35,0.769
"lei_18","article","produtos","processos",11,0.759
"lei_18","article","tecnologia","tecnologica",22,0.699
"lei_18","article","direito","privado",11,0.689
"lei_18","article","ciencia","tecnologico",13,0.667
"lei_18","article","tecnologia","ciencia",20,0.667
"lei_18","article","inovacao","projeto",22,0.65
"lei_18","article","inovacao","tecnologica",22,0.65
"lei_18","article","tecnologia","tecnologico",19,0.65
"lei_18","article","design","processos",10,0.648
"lei_18","article","direito","transferencia",10,0.648
"lei_18","article","desenvolvimento","tecnologico",19,0.643
"lei_18","article","empresas","tecnologica",14,0.636
"lei_18","article","desenvolvimento","atividades",21,0.632
"lei_18","article","servicos","processos",11,0.627
"lei_18","article","desenvolvimento","ciencia",19,0.626
"lei_18","article","recursos","apoio",10,0.626
"lei_18","article","design","produtos",10,0.626
"lei_18","article","inovacao","empresas",21,0.621
"lei_18","article","entidades","recursos",11,0.612
"lei_18","article","projeto","apoio",11,0.606
"lei_18","article","recursos","inclusive",9,0.605
"lei_18","article","atividades","processos",11,0.6
"lei_18","article","desenvolvimento","projeto",19,0.597
"lei_18","article","empresas","servicos",13,0.591
"lei_18","article","inovacao","ciencia",19,0.589
"lei_18","article","tecnologia","entidades",17,0.581
"lei_18","article","icts","apoio",9,0.581
"lei_18","article","atividades","apoio",11,0.58
"lei_18","article","apoio","fomento",8,0.573
"lei_18","article","inovacao","entidades",18,0.573
"lei_18","article","inovacao","paran",17,0.572
"lei_18","article","empresas","processos",10,0.57
"lei_18","article","empresas","paran",11,0.569
"lei_18","article","empresas","recursos",11,0.569
"lei_18","article","inovacao","atividades",20,0.566
"lei_18","article","atividades","base",10,0.566
"lei_18","article","desenvolvimento","servicos",18,0.566
"lei_18","article","desenvolvimento","tecnologica",18,0.566
"lei_18","article","atividades","projeto",13,0.566
"lei_18","article","atividades","empresas",13,0.566
"lei_18","article","paran","apoio",9,0.564
"lei_18","article","design","processo",9,0.564
"lei_18","article","atividades","icts",11,0.561
"lei_18","article","tecnologia","transferencia",14,0.558
"lei_18","article","entidades","paran",10,0.556
"lei_18","article","icts","fomento",8,0.555
"lei_18","article","desenvolvimento","icts",15,0.553
"lei_18","article","empresas","produtos",10,0.55
"lei_18","article","paran","icts",9,0.546
"lei_18","article","projeto","empresas",12,0.545
"lei_18","article","tecnologia","direito",15,0.542
"lei_18","article","tecnologia","paran",15,0.542
"lei_18","article","ciencia","paran",10,0.542
"lei_18","article","desenvolvimento","entidades",16,0.541
"lei_18","article","tecnologia","projeto",17,0.54
"lei_18","article","tecnologia","processo",14,0.539
"lei_18","article","inovacao","recursos",16,0.538
"lei_18","article","direito","inclusive",8,0.538
"lei_18","article","projeto","entidades",11,0.538
"lei_18","article","empresas","entidades",11,0.538
"lei_18","article","desenvolvimento","empresas",17,0.534
"lei_18","article","apoio","privado",8,0.533
"lei_18","article","tecnologico","apoio",9,0.533
"lei_18","article","tecnologico","privado",9,0.533
"lei_18","article","projeto","icts",10,0.533
"lei_18","article","empresas","icts",10,0.533
"lei_19","article","inovacao","tecnologia",25,0.91
"lei_19","article","atividades","apoio",13,0.843
"lei_19","article","tecnologia","tecnologica",17,0.809
"lei_19","article","fomento","icts",8,0.804
"lei_19","article","apoio","fundacao",9,0.802
"lei_19","article","financiamento","intelectual",10,0.791
"lei_19","article","inovacao","desenvolvimento",18,0.788
"lei_19","article","inovacao","tecnologica",17,0.766
"lei_19","article","desenvolvimento","projeto",12,0.756
"lei_19","article","desenvolvimento","recursos",13,0.743
"lei_19","article","desde","servicos",7,0.738
"lei_19","article","tecnologica","ciencia",10,0.731
"lei_19","article","apoio","fomento",9,0.725
"lei_19","article","inovacao","recursos",16,0.721
"lei_19","article","inovacao","atividades",16,0.721
"lei_19","article","desenvolvimento","transferencia",11,0.719
"lei_19","article","recursos","apoio",11,0.713
"lei_19","article","apoio","icts",8,0.713
"lei_19","article","apoio","servicos",8,0.713
"lei_19","article","desenvolvimento","financiamento",12,0.707
"lei_19","article","entidades","lucrativos",6,0.707
"lei_19","article","recursos","atividades",12,0.706
"lei_19","article","fomento","fundacao",7,0.704
"lei_19","article","ciencia","servicos",7,0.704
"lei_19","article","inovacao","projeto",14,0.695
"lei_19","article","financiamento","transferencia",10,0.693
"lei_19","article","tecnologia","desenvolvimento",15,0.693
"lei_19","article","financiamento","ciencia",9,0.678
"lei_19","article","financiamento","fomento",9,0.678
"lei_19","article","recursos","transferencia",10,0.673
"lei_19","article","transferencia","fomento",8,0.669
"lei_19","article","financiamento","projeto",10,0.668
"lei_19","article","lucrativos","direito",5,0.668
"lei_19","article","projeto","transferencia",9,0.667
"lei_19","article","fundacao","servicos",6,0.667
"lei_19","article","tecnologia","atividades",14,0.666
"lei_19","article","apoio","instituicao",7,0.661
"lei_19","article","recursos","fomento",9,0.658
"lei_19","article","tecnologia","transferencia",12,0.653
"lei_19","article","tecnologia","ciencia",11,0.65
"lei_19","article","inovacao","financiamento",14,0.65
"lei_19","article","recursos","projeto",10,0.648
"lei_19","article","tecnologica","projeto",10,0.648
"lei_19","article","transferencia","icts",7,0.647
"lei_19","article","transferencia","servicos",7,0.647
"lei_19","article","atividades","fundacao",8,0.647
"lei_19","article","recursos","icts",8,0.647
"lei_19","article","atividades","servicos",8,0.647
"lei_19","article","tecnologica","servicos",8,0.647
"lei_19","article","inovacao","apoio",13,0.645
"lei_19","article","projeto","ciencia",8,0.645
"lei_19","article","tecnologia","financiamento",13,0.637
"lei_19","article","empresas","icts",6,0.632
"lei_19","article","intelectual","servicos",6,0.632
"lei_19","article","desenvolvimento","apoio",10,0.63
"lei_19","article","entidades","direito",5,0.63
"lei_19","article","tecnologia","apoio",12,0.629
"lei_19","article","desenvolvimento","atividades",11,0.629
"lei_19","article","desenvolvimento","tecnologica",11,0.629
"lei_19","article","projeto","entidades",7,0.624
"lei_19","article","tecnologia","empresas",10,0.62
"lei_19","article","tecnologia","recursos",13,0.618
"lei_19","article","inovacao","transferencia",12,0.618
"lei_19","article","inovacao","ciencia",11,0.616
"lei_19","article","transferencia","intelectual",7,0.614
"lei_19","article","recursos","desde",8,0.614
"lei_19","article","atividades","desde",8,0.614
"lei_19","article","atividades","empresas",8,0.614
"lei_19","article","recursos","financiamento",10,0.606
"lei_19","article","atividades","transferencia",9,0.605
"lei_20","article","grande","norte",36,1
"lei_20","article","aspx","diariooficial",26,1
"lei_20","article","aspx","dorn",26,1
"lei_20","article","diariooficial","dorn",26,1
"lei_20","article","tecnologia","inovacao",62,0.905
"lei_20","article","inovacao","desenvolvimento",57,0.864
"lei_20","article","tecnologia","desenvolvimento",55,0.828
"lei_20","article","tecnologico","ciencia",22,0.746
"lei_20","article","fundacao","apoio",23,0.667
"lei_20","article","inovacao","tecnologica",30,0.664
"lei_20","article","desenvolvimento","tecnologico",29,0.662
"lei_20","article","tecnologia","tecnologica",30,0.659
"lei_20","article","tecnologia","tecnologico",30,0.659
"lei_20","article","tecnologia","ciencia",29,0.648
"lei_20","article","inovacao","grande",32,0.647
"lei_20","article","inovacao","norte",32,0.647
"lei_20","article","empresas","tecnologica",19,0.644
"lei_20","article","atividades","tecnologica",23,0.64
"lei_20","article","desenvolvimento","atividades",33,0.629
"lei_20","article","atividades","entidades",21,0.628
"lei_20","article","desenvolvimento","grande",30,0.625
"lei_20","article","desenvolvimento","norte",30,0.625
"lei_20","article","tecnologia","grande",31,0.622
"lei_20","article","tecnologia","norte",31,0.622
"lei_20","article","inovacao","icti",35,0.619
"lei_20","article","inovacao","atividades",33,0.61
"lei_20","article","desenvolvimento","icti",33,0.602
"lei_20","article","icti","atividades",27,0.601
"lei_20","article","icti","empresas",22,0.596
"lei_20","article","projeto","estimulo",15,0.59
"lei_20","article","desenvolvimento","entidades",24,0.588
"lei_20","article","tecnologia","atividades",32,0.587
"lei_20","article","inovacao","empresas",26,0.585
"lei_20","article","inovacao","ciencia",26,0.585
"lei_20","article","inovacao","projeto",28,0.582
"lei_20","article","desenvolvimento","ciencia",25,0.58
"lei_20","article","tecnologia","icti",33,0.579
"lei_20","article","inovacao","tecnologico",26,0.576
"lei_20","article","atividades","projeto",22,0.575
"lei_20","article","desenvolvimento","economico",21,0.573
"lei_20","article","desenvolvimento","tecnologica",25,0.571
"lei_20","article","icti","estimulo",17,0.569
"lei_20","article","tecnologia","empresas",25,0.559
"lei_20","article","atividades","recursos",21,0.557
"lei_20","article","desenvolvimento","projeto",26,0.557
"lei_20","article","empresas","instituicao",14,0.554
"lei_20","article","tecnologia","economico",21,0.552
"lei_20","article","icti","projeto",22,0.55
"lei_20","article","inovacao","entidades",23,0.547
"lei_20","article","tecnologica","ciencia",16,0.542
"lei_20","article","desenvolvimento","aspx",22,0.539
"lei_20","article","desenvolvimento","diariooficial",22,0.539
"lei_20","article","desenvolvimento","dorn",22,0.539
"lei_20","article","atividades","empresas",19,0.538
"lei_20","article","projeto","apoio",18,0.537
"lei_20","article","tecnologica","entidades",15,0.537
"lei_20","article","desenvolvimento","empresas",23,0.534
"lei_20","article","recursos","execucao",14,0.532
"lei_20","article","inovacao","economico",20,0.529
"lei_20","article","fundacao","grande",19,0.528
"lei_20","article","fundacao","norte",19,0.528
"lei_20","article","inovacao","apoio",25,0.528
"lei_20","article","desenvolvimento","recursos",24,0.522
"lei_20","article","atividades","instituicao",16,0.52
"lei_20","article","apoio","instituicao",14,0.52
"lei_20","article","tecnologia","entidades",22,0.519
"lei_20","article","tecnologia","financiamento",22,0.519
"lei_20","article","apoio","estimulo",13,0.519
"lei_20","article","tecnologia","projeto",25,0.516
"lei_20","article","recursos","apoio",17,0.515
"lei_21","article","tecnologia","tecnologica",3,1
"lei_21","article","instituicao","apoio",2,1
"lei_21","article","instituicao","ciencia",2,1
"lei_21","article","apoio","ciencia",2,1
"lei_21","article","instituicao","fomento",2,1
"lei_21","article","apoio","fomento",2,1
"lei_21","article","ciencia","fomento",2,1
"lei_21","article","instituicao","icts",2,1
"lei_21","article","apoio","icts",2,1
"lei_21","article","ciencia","icts",2,1
"lei_21","article","fomento","icts",2,1
"lei_21","article","instituicao","inovacao",2,1
"lei_21","article","apoio","inovacao",2,1
"lei_21","article","ciencia","inovacao",2,1
"lei_21","article","fomento","inovacao",2,1
"lei_21","article","icts","inovacao",2,1
"lei_21","article","empresas","microempresas",2,1
"lei_21","article","empresas","pequeno",2,1
"lei_21","article","microempresas","pequeno",2,1
"lei_21","article","empresas","porte",2,1
"lei_21","article","microempresas","porte",2,1
"lei_21","article","pequeno","porte",2,1
"lei_21","article","onia","tecnologia",3,0.866
"lei_21","article","onia","tecnologica",3,0.866
"lei_21","article","instituicao","tecnologia",2,0.816
"lei_21","article","instituicao","tecnologica",2,0.816
"lei_21","article","tecnologia","apoio",2,0.816
"lei_21","article","tecnologica","apoio",2,0.816
"lei_21","article","tecnologia","ciencia",2,0.816
"lei_21","article","tecnologica","ciencia",2,0.816
"lei_21","article","tecnologia","empresas",2,0.816
"lei_21","article","tecnologica","empresas",2,0.816
"lei_21","article","tecnologia","fomento",2,0.816
"lei_21","article","tecnologica","fomento",2,0.816
"lei_21","article","tecnologia","icts",2,0.816
"lei_21","article","tecnologica","icts",2,0.816
"lei_21","article","tecnologia","inovacao",2,0.816
"lei_21","article","tecnologica","inovacao",2,0.816
"lei_21","article","tecnologia","microempresas",2,0.816
"lei_21","article","tecnologica","microempresas",2,0.816
"lei_21","article","tecnologia","pequeno",2,0.816
"lei_21","article","tecnologica","pequeno",2,0.816
"lei_21","article","tecnologia","porte",2,0.816
"lei_21","article","tecnologica","porte",2,0.816
"lei_21","article","onia","instituicao",2,0.707
"lei_21","article","onia","apoio",2,0.707
"lei_21","article","onia","ciencia",2,0.707
"lei_21","article","onia","empresas",2,0.707
"lei_21","article","onia","fomento",2,0.707
"lei_21","article","onia","governo",2,0.707
"lei_21","article","onia","icts",2,0.707
"lei_21","article","onia","inovacao",2,0.707
"lei_21","article","onia","microempresas",2,0.707
"lei_21","article","onia","pequeno",2,0.707
"lei_21","article","onia","porte",2,0.707
"lei_21","article","onia","processo",2,0.707
"lei_21","article","onia","vice",2,0.707
"lei_21","article","instituicao","empresas",1,0.5
"lei_21","article","apoio","empresas",1,0.5
"lei_21","article","ciencia","empresas",1,0.5
"lei_21","article","empresas","fomento",1,0.5
"lei_21","article","instituicao","governo",1,0.5
"lei_21","article","apoio","governo",1,0.5
"lei_21","article","ciencia","governo",1,0.5
"lei_21","article","empresas","governo",1,0.5
"lei_21","article","fomento","governo",1,0.5
"lei_21","article","empresas","icts",1,0.5
"lei_21","article","governo","icts",1,0.5
"lei_21","article","empresas","inovacao",1,0.5
"lei_21","article","governo","inovacao",1,0.5
"lei_22","article","inovacao","tecnologia",40,0.825
"lei_22","article","tecnologia","tecnologica",28,0.764
"lei_22","article","inovacao","desenvolvimento",33,0.711
"lei_22","article","fomento","icts",12,0.706
"lei_22","article","tecnologia","desenvolvimento",31,0.675
"lei_22","article","atividades","apoio",10,0.636
"lei_22","article","financiamento","icts",12,0.635
"lei_22","article","icts","entidades",9,0.63
"lei_22","article","tecnologia","ciencia",19,0.629
"lei_22","article","inovacao","tecnologica",23,0.621
"lei_22","article","ciencia","tecnologico",10,0.613
"lei_22","article","atividades","recursos",11,0.612
"lei_22","article","tecnologica","ciencia",14,0.607
"lei_22","article","recursos","apoio",9,0.605
"lei_22","article","desenvolvimento","tecnologica",21,0.598
"lei_22","article","processos","inovadores",8,0.593
"lei_22","article","processos","transferencia",8,0.593
"lei_22","article","icts","recursos",10,0.588
"lei_22","article","financiamento","instrumentos",10,0.583
"lei_22","article","projeto","instrumentos",10,0.583
"lei_22","article","financiamento","recursos",11,0.582
"lei_22","article","atividades","instituicao",9,0.573
"lei_22","article","processos","servicos",8,0.571
"lei_22","article","desenvolvimento","tecnologico",14,0.564
"lei_22","article","recursos","entidades",8,0.56
"lei_22","article","inovacao","ciencia",17,0.557
"lei_22","article","atividades","fomento",10,0.556
"lei_22","article","empresas","fomento",11,0.556
"lei_22","article","empresas","icts",11,0.556
"lei_22","article","desenvolvimento","ciencia",16,0.553
"lei_22","article","atividades","servicos",9,0.552
"lei_22","article","empresas","financiamento",12,0.546
"lei_22","article","desenvolvimento","inovadores",13,0.544
"lei_22","article","tecnologia","empresas",18,0.542
"lei_22","article","tecnologia","tecnologico",14,0.54
"lei_22","article","estimulo","inovadores",7,0.538
"lei_22","article","icts","apoio",8,0.538
"lei_22","article","fomento","estaduais",8,0.538
"lei_22","article","icts","estaduais",8,0.538
"lei_22","article","inovacao","empresas",18,0.536
"lei_22","article","projeto","recursos",10,0.529
"lei_22","article","desenvolvimento","projeto",16,0.526
"lei_22","article","empresas","estimulo",9,0.52
"lei_22","article","empresas","inovadores",9,0.52
"lei_22","article","tecnologia","transferencia",13,0.52
"lei_22","article","tecnologica","atividades",12,0.52
"lei_22","article","inovacao","icts",15,0.52
"lei_22","article","icts","instrumentos",8,0.519
"lei_22","article","tecnologica","empresas",13,0.512
"lei_22","article","tecnologica","servicos",10,0.505
"lei_22","article","tecnologia","financiamento",16,0.504
"lei_22","article","financiamento","entidades",8,0.504
"lei_22","article","desenvolvimento","visando",12,0.502
"lei_22","article","empresas","processos",9,0.502
"lei_22","article","atividades","icts",9,0.501
"lei_22","article","execucao","atividades",10,0.501
"lei_22","article","projeto","atividades",10,0.501
"lei_22","article","empresas","projeto",11,0.501
"lei_22","article","inovacao","projeto",16,0.499
"lei_22","article","inovacao","instrumentos",13,0.496
"lei_22","article","inovacao","processos",13,0.496
"lei_22","article","inovacao","tecnologico",13,0.496
"lei_22","article","atividades","processos",8,0.491
"lei_22","article","fomento","entidades",7,0.49
"lei_22","article","inovacao","recursos",14,0.485
"lei_22","article","desenvolvimento","atividades",14,0.484
"lei_22","article","financiamento","apoio",8,0.484
"lei_22","article","projeto","apoio",8,0.484
"lei_22","article","financiamento","estimulo",8,0.484
"lei_22","article","desenvolvimento","processos",12,0.483
"lei_23","article","catarina","santa",14,1
"lei_23","article","intelectual","propriedade",7,0.935
"lei_23","article","tecnologia","inovacao",19,0.85
"lei_23","article","tecnologia","tecnologica",17,0.825
"lei_23","article","tecnologica","ciencia",11,0.77
"lei_23","article","inovacao","tecnologica",14,0.759
"lei_23","article","desenvolvimento","instituicao",11,0.759
"lei_23","article","tecnologia","desenvolvimento",14,0.723
"lei_23","article","inovacao","instituicao",12,0.717
"lei_23","article","instituicao","apoio",7,0.707
"lei_23","article","tecnologia","instituicao",13,0.695
"lei_23","article","tecnologia","ciencia",12,0.693
"lei_23","article","desenvolvimento","projeto",7,0.683
"lei_23","article","desenvolvimento","ciencia",9,0.671
"lei_23","article","intelectual","direito",5,0.668
"lei_23","article","recursos","financiamento",4,0.667
"lei_23","article","inovacao","catarina",11,0.657
"lei_23","article","inovacao","santa",11,0.657
"lei_23","article","ciencia","produtivo",6,0.655
"lei_23","article","desenvolvimento","atividades",8,0.653
"lei_23","article","inovacao","ciencia",10,0.645
"lei_23","article","inovacao","desenvolvimento",11,0.635
"lei_23","article","intelectual","contrato",4,0.632
"lei_23","article","tecnologica","desenvolvimento",10,0.626
"lei_23","article","inovacao","empresas",10,0.62
"lei_23","article","instituicao","ciencia",8,0.617
"lei_23","article","direito","resultados",4,0.617
"lei_23","article","projeto","resultados",4,0.617
"lei_23","article","instituicao","projeto",6,0.606
"lei_23","article","instituicao","servicos",6,0.606
"lei_23","article","atividades","projeto",5,0.598
"lei_23","article","atividades","servicos",5,0.598
"lei_23","article","catarina","empresas",8,0.593
"lei_23","article","santa","empresas",8,0.593
"lei_23","article","instituicao","atividades",7,0.592
"lei_23","article","inovacao","apoio",7,0.592
"lei_23","article","inovacao","produtivo",7,0.592
"lei_23","article","tecnologia","catarina",11,0.588
"lei_23","article","tecnologia","santa",11,0.588
"lei_23","article","desenvolvimento","apoio",6,0.586
"lei_23","article","desenvolvimento","estimulo",6,0.586
"lei_23","article","tecnologica","instituicao",9,0.583
"lei_23","article","intelectual","financiamento",4,0.577
"lei_23","article","intelectual","resultados",4,0.577
"lei_23","article","desenvolvimento","conciti",5,0.577
"lei_23","article","estimulo","projeto",4,0.571
"lei_23","article","direito","propriedade",4,0.571
"lei_23","article","projeto","servicos",4,0.571
"lei_23","article","tecnologia","atividades",9,0.569
"lei_23","article","tecnologia","empresas",10,0.555
"lei_23","article","tecnologica","estimulo",6,0.55
"lei_23","article","tecnologica","produtivo",6,0.55
"lei_23","article","tecnologica","projeto",6,0.55
"lei_23","article","ciencia","atividades",6,0.548
"lei_23","article","empresa","conciti",3,0.548
"lei_23","article","ciencia","apoio",5,0.546
"lei_23","article","catarina","ciencia",7,0.54
"lei_23","article","santa","ciencia",7,0.54
"lei_23","article","tecnologica","atividades",7,0.537
"lei_23","article","tecnologia","apoio",7,0.529
"lei_23","article","tecnologia","produtivo",7,0.529
"lei_23","article","tecnologia","projeto",7,0.529
"lei_23","article","empresas","atividades",6,0.526
"lei_23","article","empresas","projeto",5,0.524
"lei_23","article","tecnologica","catarina",8,0.519
"lei_23","article","tecnologica","santa",8,0.519
"lei_23","article","atividades","resultados",4,0.516
"lei_23","article","inovacao","estimulo",6,0.507
"lei_23","article","inovacao","projeto",6,0.507
"lei_23","article","inovacao","servicos",6,0.507
"lei_24","article","assembl","legislativa",23,1
"lei_24","article","tecnologia","tecnologica",29,0.898
"lei_24","article","tecnologica","inovacao",24,0.858
"lei_24","article","sergipe","assembl",23,0.848
"lei_24","article","sergipe","legislativa",23,0.848
"lei_24","article","tecnologia","inovacao",26,0.834
"lei_24","article","tecnologia","sergipe",28,0.825
"lei_24","article","sergipe","tecnologica",25,0.821
"lei_24","article","sergipe","inovacao",22,0.748
"lei_24","article","tecnologia","desenvolvimento",21,0.714
"lei_24","article","tecnologica","assembl",18,0.697
"lei_24","article","tecnologica","legislativa",18,0.697
"lei_24","article","tecnologia","assembl",20,0.695
"lei_24","article","tecnologia","legislativa",20,0.695
"lei_24","article","sergipe","empresas",17,0.689
"lei_24","article","sergipe","desenvolvimento",19,0.686
"lei_24","article","tecnologica","desenvolvimento",18,0.682
"lei_24","article","tecnologica","ciencia",12,0.643
"lei_24","article","atividades","instituicao",9,0.643
"lei_24","article","ictese","instituicao",11,0.642
"lei_24","article","tecnologica","empresas",15,0.639
"lei_24","article","inovacao","desenvolvimento",16,0.629
"lei_24","article","desenvolvimento","projeto",11,0.623
"lei_24","article","sergipe","atividades",13,0.614
"lei_24","article","assembl","atividades",11,0.613
"lei_24","article","legislativa","atividades",11,0.613
"lei_24","article","sergipe","ciencia",12,0.612
"lei_24","article","tecnologia","empresas",16,0.612
"lei_24","article","inovacao","ciencia",11,0.611
"lei_24","article","desenvolvimento","deve",14,0.609
"lei_24","article","base","apoio",7,0.609
"lei_24","article","inovacao","assembl",15,0.602
"lei_24","article","inovacao","legislativa",15,0.602
"lei_24","article","devem","financiamento",9,0.601
"lei_24","article","desenvolvimento","assembl",14,0.596
"lei_24","article","desenvolvimento","legislativa",14,0.596
"lei_24","article","tecnologica","atividades",12,0.596
"lei_24","article","assembl","ictese",13,0.592
"lei_24","article","legislativa","ictese",13,0.592
"lei_24","article","tecnologica","base",11,0.59
"lei_24","article","sergipe","apoio",11,0.586
"lei_24","article","tecnologia","ictese",16,0.582
"lei_24","article","tecnologia","ciencia",12,0.577
"lei_24","article","tecnologia","deve",16,0.569
"lei_24","article","sergipe","instituicao",12,0.567
"lei_24","article","inovacao","instituicao",11,0.566
"lei_24","article","atividades","apoio",7,0.564
"lei_24","article","atividades","direito",7,0.564
"lei_24","article","desenvolvimento","empresas",12,0.562
"lei_24","article","sergipe","base",11,0.561
"lei_24","article","assembl","instituicao",10,0.557
"lei_24","article","legislativa","instituicao",10,0.557
"lei_24","article","deve","pode",9,0.554
"lei_24","article","inovacao","ictese",13,0.546
"lei_24","article","tecnologica","instituicao",11,0.546
"lei_24","article","desenvolvimento","atividades",10,0.546
"lei_24","article","assembl","ciencia",9,0.542
"lei_24","article","legislativa","ciencia",9,0.542
"lei_24","article","sergipe","ictese",14,0.54
"lei_24","article","atividades","ciencia",7,0.54
"lei_24","article","instituicao","ciencia",7,0.54
"lei_24","article","desenvolvimento","ictese",12,0.535
"lei_24","article","tecnologia","atividades",12,0.535
"lei_24","article","tecnologia","instituicao",12,0.535
"lei_24","article","inovacao","deve",13,0.533
"lei_24","article","inovacao","empresas",12,0.53
"lei_24","article","empresas","base",8,0.53
"lei_24","article","tecnologia","base",11,0.529
"lei_24","article","tecnologica","ictese",13,0.527
"lei_24","article","assembl","empresas",11,0.526
"lei_25","article","tecnologicos","parques",7,0.935
"lei_25","article","paulista","sistema",7,0.935
"lei_25","article","tecnologica","inovacao",26,0.929
"lei_25","article","tecnologia","tecnologica",29,0.874
"lei_25","article","produtivo","ambiente",6,0.866
"lei_25","article","tecnologia","inovacao",27,0.843
"lei_25","article","parques","incubadoras",5,0.772
"lei_25","article","tecnologicos","incubadoras",5,0.722
"lei_25","article","parques","sistema",5,0.714
"lei_25","article","tecnologico","ciencia",8,0.676
"lei_25","article","paulista","parques",5,0.668
"lei_25","article","tecnologicos","sistema",5,0.668
"lei_25","article","ambiente","engenharia",4,0.667
"lei_25","article","tecnologia","desenvolvimento",20,0.662
"lei_25","article","tecnologico","incubadoras",6,0.655
"lei_25","article","ciencia","engenharia",5,0.645
"lei_25","article","paulista","tecnologicos",5,0.625
"lei_25","article","tecnologia","tecnologico",14,0.607
"lei_25","article","empresas","direta",6,0.606
"lei_25","article","tecnologico","parques",6,0.606
"lei_25","article","desenvolvimento","tecnologico",11,0.6
"lei_25","article","desenvolvimento","ciencia",9,0.581
"lei_25","article","produtivo","engenharia",4,0.577
"lei_25","article","paulista","incubadoras",4,0.577
"lei_25","article","tecnologico","tecnologicos",6,0.567
"lei_25","article","ciencia","produtivo",5,0.559
"lei_25","article","tecnologica","empresas",11,0.546
"lei_25","article","tecnologica","tecnologico",11,0.546
"lei_25","article","tecnologico","engenharia",5,0.546
"lei_25","article","empresas","incubadoras",5,0.546
"lei_25","article","inovacao","produtivo",8,0.544
"lei_25","article","tecnologicos","social",4,0.535
"lei_25","article","tecnologica","desenvolvimento",14,0.531
"lei_25","article","tecnologica","produtivo",8,0.525
"lei_25","article","tecnologia","empresas",12,0.52
"lei_25","article","ciencia","ambiente",4,0.516
"lei_25","article","inovacao","desenvolvimento",13,0.511
"lei_25","article","desenvolvimento","projeto",7,0.505
"lei_25","article","tecnologico","paulista",5,0.472
"lei_25","article","tecnologico","produtivo",5,0.472
"lei_25","article","empresas","tecnologicos",5,0.472
"lei_25","article","inovacao","ambiente",6,0.471
"lei_25","article","tecnologica","ciencia",8,0.47
"lei_25","article","sistema","incubadoras",3,0.463
"lei_25","article","social","incubadoras",3,0.463
"lei_25","article","tecnologia","ciencia",9,0.462
"lei_25","article","tecnologica","processo",7,0.46
"lei_25","article","tecnologia","paulista",8,0.459
"lei_25","article","tecnologia","processo",8,0.459
"lei_25","article","tecnologia","produtivo",8,0.459
"lei_25","article","tecnologia","tecnologicos",8,0.459
"lei_25","article","tecnologica","ambiente",6,0.455
"lei_25","article","tecnologica","incubadoras",6,0.455
"lei_25","article","inventor","prazo",2,0.447
"lei_25","article","tecnologico","ambiente",4,0.436
"lei_25","article","empresas","atividades",4,0.436
"lei_25","article","desenvolvimento","paulista",6,0.433
"lei_25","article","desenvolvimento","produtivo",6,0.433
"lei_25","article","tecnologia","parques",7,0.429
"lei_25","article","tecnologia","sistema",7,0.429
"lei_25","article","empresas","tecnologico",6,0.429
"lei_25","article","direta","social",3,0.429
"lei_25","article","parques","social",3,0.429
"lei_25","article","inovacao","ciencia",7,0.426
"lei_25","article","ciencia","cargo",3,0.424
"lei_25","article","tecnologica","direta",6,0.421
"lei_25","article","tecnologica","social",6,0.421
"lei_25","article","desenvolvimento","engenharia",5,0.417
"lei_25","article","inovacao","empresas",8,0.411
"lei_25","article","inovacao","tecnologico",8,0.411
"lei_26","article","intelectual","propriedade",6,0.926
"lei_26","article","inovacao","tecnologica",14,0.825
"lei_26","article","tecnologia","tecnologica",16,0.816
"lei_26","article","ciencia","tocantins",7,0.778
"lei_26","article","transferencia","licenciamento",5,0.772
"lei_26","article","tecnologia","inovacao",16,0.77
"lei_26","article","pode","prazo",6,0.75
"lei_26","article","desenvolvimento","projeto",10,0.725
"lei_26","article","desenvolvimento","inovacao",13,0.703
"lei_26","article","tecnologia","desenvolvimento",15,0.702
"lei_26","article","desenvolvimento","tecnologica",12,0.688
"lei_26","article","atividades","tecnologica",11,0.688
"lei_26","article","financiamento","recursos",5,0.68
"lei_26","article","tecnologica","ciencia",8,0.667
"lei_26","article","inovacao","atividades",11,0.648
"lei_26","article","direito","contrato",5,0.645
"lei_26","article","direito","recursos",5,0.645
"lei_26","article","tecnologica","projeto",8,0.632
"lei_26","article","projeto","ciencia",6,0.632
"lei_26","article","direito","financiamento",6,0.632
"lei_26","article","desenvolvimento","atividades",11,0.631
"lei_26","article","inovacao","ciencia",8,0.629
"lei_26","article","inovacao","tocantins",8,0.629
"lei_26","article","instituicao","apoio",5,0.615
"lei_26","article","instituicao","militar",5,0.615
"lei_26","article","tecnologia","atividades",12,0.612
"lei_26","article","atividades","militar",6,0.612
"lei_26","article","tecnologia","ciencia",9,0.612
"lei_26","article","tecnologia","tocantins",9,0.612
"lei_26","article","atividades","instituicao",8,0.603
"lei_26","article","atividades","ciencia",7,0.583
"lei_26","article","atividades","tocantins",7,0.583
"lei_26","article","tecnologica","tocantins",7,0.583
"lei_26","article","tecnologia","projeto",9,0.581
"lei_26","article","prazo","contrato",4,0.577
"lei_26","article","inovacao","estimulo",6,0.577
"lei_26","article","instituicao","projeto",6,0.572
"lei_26","article","empresas","financiamento",5,0.556
"lei_26","article","tecnologia","instituicao",9,0.554
"lei_26","article","atividades","projeto",7,0.553
"lei_26","article","desenvolvimento","instituicao",8,0.553
"lei_26","article","tecnologia","empresas",8,0.544
"lei_26","article","ciencia","apoio",4,0.544
"lei_26","article","financiamento","contrato",4,0.544
"lei_26","article","empresas","fomento",4,0.544
"lei_26","article","ciencia","militar",4,0.544
"lei_26","article","tecnologia","transferencia",7,0.54
"lei_26","article","desenvolvimento","ciencia",7,0.535
"lei_26","article","desenvolvimento","tocantins",7,0.535
"lei_26","article","projeto","tocantins",5,0.527
"lei_26","article","inovacao","projeto",7,0.522
"lei_26","article","desenvolvimento","intelectual",6,0.52
"lei_26","article","tecnologia","direito",8,0.516
"lei_26","article","direito","licenciamento",4,0.516
"lei_26","article","projeto","militar",4,0.516
"lei_26","article","atividades","apoio",5,0.51
"lei_26","article","tecnologica","apoio",5,0.51
"lei_26","article","tecnologica","facultado",5,0.51
"lei_26","article","tecnologia","pode",7,0.505
"lei_26","article","financiamento","intelectual",4,0.504
"lei_26","article","instituicao","ciencia",5,0.503
"lei_26","article","instituicao","tocantins",5,0.503
"lei_26","article","tecnologica","empresas",6,0.5
"lei_26","article","apoio","fomento",3,0.5
"lei_26","article","estimulo","fomento",3,0.5
"lei_26","article","apoio","militar",3,0.5
"lei_26","article","facultado","militar",3,0.5
"lei_26","article","estimulo","propriedade",3,0.5
"lei_26","article","licenciamento","propriedade",3,0.5
"lei_26","article","apoio","recursos",3,0.5
"lei_27","article","medida","provisoria",102,0.986
"lei_27","article","pessoa","juridica",88,0.962
"lei_27","article","contribuicao","cofins",61,0.934
"lei_27","article","provisoria","incluido",61,0.684
"lei_27","article","medida","incluido",61,0.674
"lei_27","article","bens","servicos",24,0.616
"lei_27","article","cofins","alquotas",27,0.611
"lei_27","article","provisoria","encerrada",38,0.602
"lei_27","article","incluido","encerrada",33,0.598
"lei_27","article","medida","encerrada",38,0.594
"lei_27","article","contribuicao","alquotas",27,0.57
"lei_27","article","receita","venda",31,0.567
"lei_27","article","medida","revogado",42,0.558
"lei_27","article","provisoria","revogado",41,0.552
"lei_27","article","cento","venda",27,0.502
"lei_27","article","venda","servicos",20,0.485
"lei_27","article","receita","cento",30,0.469
"lei_27","article","pessoa","receita",35,0.448
"lei_27","article","juridica","receita",34,0.447
"lei_27","article","incluido","revogado",29,0.447
"lei_27","article","venda","bens",19,0.438
"lei_27","article","cofins","venda",23,0.434
"lei_27","article","pessoa","venda",28,0.426
"lei_27","article","juridica","venda",27,0.422
"lei_27","article","juridica","servicos",24,0.418
"lei_27","article","contribuicao","venda",23,0.405
"lei_27","article","cento","alquotas",18,0.401
"lei_27","article","pessoa","contribuies",27,0.394
"lei_27","article","provisoria","receita",32,0.393
"lei_27","article","contribuicao","cento",26,0.392
"lei_27","article","pessoa","servicos",23,0.39
"lei_27","article","juridica","contribuies",26,0.39
"lei_27","article","medida","receita",32,0.387
"lei_27","article","cento","cofins",24,0.387
"lei_27","article","pessoa","bens",24,0.387
"lei_27","article","juridica","contribuicao",30,0.38
"lei_27","article","cofins","aplica",20,0.374
"lei_27","article","revogado","encerrada",17,0.37
"lei_27","article","pessoa","contribuicao",30,0.37
"lei_27","article","vide","vigorar",12,0.368
"lei_27","article","receita","servicos",18,0.367
"lei_27","article","contribuicao","aplica",21,0.366
"lei_27","article","juridica","bens",22,0.364
"lei_27","article","pessoa","cento",28,0.364
"lei_27","article","provisoria","cento",29,0.362
"lei_27","article","regulamento","receita",24,0.361
"lei_27","article","aplica","produtos",16,0.36
"lei_27","article","medida","cento",29,0.357
"lei_27","article","cento","servicos",17,0.352
"lei_27","article","vide","cofins",23,0.349
"lei_27","article","juridica","cento",26,0.347
"lei_27","article","regulamento","valor",18,0.341
"lei_27","article","juridica","cofins",25,0.339
"lei_27","article","venda","alquotas",13,0.339
"lei_27","article","pessoa","valor",21,0.338
"lei_27","article","medida","vide",29,0.336
"lei_27","article","receita","contribuies",19,0.333
"lei_27","article","pessoa","cofins",25,0.33
"lei_27","article","receita","bens",17,0.329
"lei_27","article","vide","contribuicao",23,0.326
"lei_27","article","incluido","receita",23,0.323
"lei_27","article","vide","revogado",20,0.323
"lei_27","article","aplica","venda",15,0.323
"lei_27","article","venda","caso",13,0.319
"lei_27","article","provisoria","vide",27,0.317
"lei_27","article","cento","valor",16,0.315
"lei_27","article","cento","bens",16,0.315
"lei_27","article","incluido","aplica",19,0.314
"lei_27","article","partir","valor",13,0.313
"lei_27","article","pessoa","regulamento",25,0.313
"lei_28","article","inovacao","tecnologia",31,0.874
"lei_28","article","inovacao","desenvolvimento",27,0.797
"lei_28","article","inovacao","projeto",20,0.717
"lei_28","article","desenvolvimento","projeto",18,0.705
"lei_28","article","tecnologia","desenvolvimento",22,0.678
"lei_28","article","recursos","transferencia",10,0.668
"lei_28","article","desde","financiamento",7,0.667
"lei_28","article","fomento","unio",7,0.647
"lei_28","article","tecnologia","empresas",16,0.647
"lei_28","article","tecnologia","transferencia",14,0.642
"lei_28","article","inovacao","atividades",17,0.641
"lei_28","article","tecnologia","projeto",17,0.636
"lei_28","article","atividades","icts",11,0.631
"lei_28","article","atividades","recursos",11,0.631
"lei_28","article","empresas","unio",8,0.629
"lei_28","article","inovacao","empresas",16,0.62
"lei_28","article","atividades","apoio",10,0.613
"lei_28","article","recursos","entidades",8,0.603
"lei_28","article","recursos","apoio",9,0.601
"lei_28","article","icts","transferencia",9,0.601
"lei_28","article","tecnologia","cincia",12,0.594
"lei_28","article","desenvolvimento","empresas",14,0.593
"lei_28","article","transferencia","criao",7,0.592
"lei_28","article","tecnologia","atividades",15,0.59
"lei_28","article","empresas","icts",10,0.589
"lei_28","article","icts","pblicas",7,0.583
"lei_28","article","icts","unio",7,0.583
"lei_28","article","inovacao","apoio",13,0.571
"lei_28","article","tecnologia","ciencia",12,0.571
"lei_28","article","inovacao","cincia",12,0.569
"lei_28","article","empresas","entidades",8,0.569
"lei_28","article","empresas","transferencia",9,0.567
"lei_28","article","projeto","empresas",11,0.566
"lei_28","article","transferencia","entidades",7,0.564
"lei_28","article","icts","recursos",9,0.562
"lei_28","article","tecnologia","icts",13,0.557
"lei_28","article","icts","fomento",8,0.555
"lei_28","article","fomento","pblicas",6,0.555
"lei_28","article","atividades","transferencia",9,0.552
"lei_28","article","projeto","atividades",11,0.551
"lei_28","article","inovacao","ciencia",12,0.547
"lei_28","article","projeto","recursos",10,0.546
"lei_28","article","tecnologia","podero",11,0.545
"lei_28","article","desenvolvimento","entidades",10,0.542
"lei_28","article","atividades","empresas",10,0.541
"lei_28","article","apoio","podero",7,0.54
"lei_28","article","desenvolvimento","recursos",12,0.539
"lei_28","article","atividades","pblicas",7,0.535
"lei_28","article","icts","apoio",8,0.535
"lei_28","article","transferencia","unio",6,0.535
"lei_28","article","inovacao","icts",13,0.534
"lei_28","article","inovacao","recursos",13,0.534
"lei_28","article","empresas","recursos",9,0.53
"lei_28","article","desenvolvimento","transferencia",11,0.528
"lei_28","article","icts","entidades",7,0.528
"lei_28","article","inovacao","transferencia",12,0.527
"lei_28","article","criao","unio",5,0.527
"lei_28","article","projeto","apoio",9,0.525
"lei_28","article","empresas","fomento",8,0.523
"lei_28","article","apoio","fomento",7,0.519
"lei_28","article","tecnologia","entidades",10,0.517
"lei_28","article","tecnologia","recursos",12,0.514
"lei_28","article","desenvolvimento","execuo",9,0.511
"lei_28","article","desenvolvimento","capacitao",8,0.508
"lei_28","article","transferencia","intelectual",6,0.507
"lei_28","article","recursos","cincia",7,0.505
"lei_28","article","icts","podero",7,0.505
"lei_28","article","tecnologia","apoio",11,0.504
"lei_28","article","entidades","unio",5,0.503
"lei_28","article","financiamento","unio",5,0.503
"lei_29","article","empresa","considerado",5,0.913
"lei_29","article","comisso","mobilirios",5,0.833
"lei_29","article","valores","mobilirios",6,0.816
"lei_29","article","capital","aporte",5,0.791
"lei_29","article","inovacao","empresas",6,0.756
"lei_29","article","investimento","capital",6,0.707
"lei_29","article","inovacao","desenvolvimento",6,0.707
"lei_29","article","contrato","soluo",6,0.707
"lei_29","article","valores","comisso",5,0.68
"lei_29","article","investimento","empresas",5,0.63
"lei_29","article","valores","podero",5,0.63
"lei_29","article","contrato","valor",5,0.63
"lei_29","article","soluo","tecnologia",5,0.625
"lei_29","article","captulo","inovacao",5,0.589
"lei_29","article","desenvolvimento","meio",4,0.577
"lei_29","article","tecnologia","meio",4,0.577
"lei_29","article","capital","startups",4,0.577
"lei_29","article","investimento","inovacao",5,0.556
"lei_29","article","critrios","estabelecer",3,0.548
"lei_29","article","quanto","pblicas",3,0.548
"lei_29","article","critrios","contratao",3,0.548
"lei_29","article","investimento","startups",4,0.544
"lei_29","article","desenvolvimento","ambiente",4,0.535
"lei_29","article","desenvolvimento","empresas",4,0.535
"lei_29","article","soluo","valor",4,0.535
"lei_29","article","ambiente","contratao",3,0.507
"lei_29","article","desenvolvimento","tecnologia",4,0.5
"lei_29","article","meio","pblicas",3,0.5
"lei_29","article","meio","startups",3,0.5
"lei_29","article","soluo","hiptese",3,0.474
"lei_29","article","valores","capital",4,0.471
"lei_29","article","investimento","desenvolvimento",4,0.471
"lei_29","article","contrato","tecnologia",4,0.471
"lei_29","article","empresas","meio",3,0.463
"lei_29","article","empresas","pblicas",3,0.463
"lei_29","article","valor","pblicas",3,0.463
"lei_29","article","contrato","hiptese",3,0.447
"lei_29","article","valores","estabelecer",3,0.447
"lei_29","article","investimento","aporte",3,0.447
"lei_29","article","valores","aporte",3,0.447
"lei_29","article","investimento","considerado",3,0.447
"lei_29","article","capital","comisso",3,0.433
"lei_29","article","tecnologia","critrios",3,0.433
"lei_29","article","capital","meio",3,0.433
"lei_29","article","soluo","meio",3,0.433
"lei_29","article","capital","mobilirios",3,0.433
"lei_29","article","soluo","pblicas",3,0.433
"lei_29","article","investimento","empresa",3,0.408
"lei_29","article","investimento","meio",3,0.408
"lei_29","article","inovacao","meio",3,0.408
"lei_29","article","inovacao","pblicas",3,0.408
"lei_29","article","inovacao","startups",3,0.408
"lei_29","article","captulo","ambiente",3,0.401
"lei_29","article","captulo","empresas",3,0.401
"lei_29","article","capital","empresas",3,0.401
"lei_29","article","tecnologia","empresas",3,0.401
"lei_29","article","capital","podero",3,0.401
"lei_29","article","tecnologia","valor",3,0.401
"lei_29","article","aporte","considerado",2,0.4
"lei_29","article","investimento","ambiente",3,0.378
"lei_29","article","inovacao","ambiente",3,0.378
"lei_29","article","investimento","podero",3,0.378
"lei_29","article","captulo","desenvolvimento",3,0.375
"lei_29","article","comisso","estabelecer",2,0.365
"lei_29","article","quanto","mobilirios",2,0.365
"lei_29","article","estabelecer","mobilirios",2,0.365
"lei_29","article","comisso","aporte",2,0.365
"lei_29","article","empresa","aporte",2,0.365
"lei_29","article","meio","aporte",2,0.365
"lei_29","article","mobilirios","aporte",2,0.365
"lei_30","article","inovacao","tecnologia",32,0.97
"lei_30","article","prefeitura","baixado",13,0.964
"lei_30","article","instituicao","ensino",11,0.92
"lei_30","article","ciencia","tecnologica",12,0.807
"lei_30","article","tecnologica","economia",9,0.753
"lei_30","article","inovacao","macei",23,0.732
"lei_30","article","ciencia","empreendedorismo",10,0.731
"lei_30","article","tecnologia","ciencia",17,0.729
"lei_30","article","ciencia","promover",9,0.728
"lei_30","article","criativa","economia",9,0.725
"lei_30","article","tecnologia","macei",22,0.722
"lei_30","article","financiamento","recursos",10,0.722
"lei_30","article","inovacao","ciencia",17,0.707
"lei_30","article","desenvolvimento","ciencia",13,0.705
"lei_30","article","empreendedorismo","promover",7,0.704
"lei_30","article","empresas","ensino",9,0.701
"lei_30","article","macei","prefeitura",14,0.695
"lei_30","article","inovacao","desenvolvimento",18,0.69
"lei_30","article","macei","ciencia",15,0.676
"lei_30","article","tecnologia","desenvolvimento",17,0.672
"lei_30","article","macei","baixado",13,0.67
"lei_30","article","criativa","tecnologica",9,0.667
"lei_30","article","prefeitura","tecnologica",9,0.667
"lei_30","article","servicos","promover",8,0.667
"lei_30","article","macei","desenvolvimento",16,0.664
"lei_30","article","ciencia","economia",9,0.658
"lei_30","article","fmcti","recursos",9,0.65
"lei_30","article","ciencia","criativa",10,0.648
"lei_30","article","tecnologica","promover",7,0.647
"lei_30","article","servicos","empresas",10,0.645
"lei_30","article","empresas","instituicao",9,0.645
"lei_30","article","tecnologia","tecnologica",13,0.637
"lei_30","article","economia","empreendedorismo",7,0.636
"lei_30","article","inovacao","tecnologica",13,0.618
"lei_30","article","macei","tecnologica",12,0.618
"lei_30","article","baixado","tecnologica",8,0.615
"lei_30","article","tecnologia","criativa",13,0.614
"lei_30","article","instituicao","entidades",7,0.614
"lei_30","article","recursos","atividades",7,0.609
"lei_30","article","atividades","promover",6,0.603
"lei_30","article","desenvolvimento","promover",8,0.596
"lei_30","article","inovacao","criativa",13,0.596
"lei_30","article","tecnologia","economia",11,0.586
"lei_30","article","tecnologia","empreendedorismo",11,0.586
"lei_30","article","tecnologica","empreendedorismo",7,0.585
"lei_30","article","ciencia","ensino",8,0.585
"lei_30","article","ciencia","prefeitura",9,0.583
"lei_30","article","empresas","tecnologica",8,0.573
"lei_30","article","ensino","entidades",6,0.572
"lei_30","article","inovacao","economia",11,0.569
"lei_30","article","inovacao","empreendedorismo",11,0.569
"lei_30","article","criativa","empreendedorismo",7,0.564
"lei_30","article","financiamento","fmcti",9,0.562
"lei_30","article","macei","economia",10,0.56
"lei_30","article","desenvolvimento","servicos",10,0.559
"lei_30","article","ciencia","servicos",9,0.546
"lei_30","article","desenvolvimento","atividades",8,0.539
"lei_30","article","desenvolvimento","ensino",8,0.539
"lei_30","article","ciencia","baixado",8,0.538
"lei_30","article","ciencia","instituicao",8,0.538
"lei_30","article","ciencia","smcti",7,0.537
"lei_30","article","macei","meio",10,0.536
"lei_30","article","inovacao","empresas",12,0.531
"lei_30","article","tecnologia","promover",9,0.53
"lei_30","article","financiamento","atividades",7,0.528
"lei_30","article","servicos","atividades",7,0.528
"lei_30","article","servicos","empreendedorismo",7,0.528
"lei_30","article","macei","empresas",11,0.527
"lei_30","article","tecnologica","smcti",6,0.526
"lei_30","article","meio","ensino",6,0.522
"lei_31","article","anica","decretou",5,1
"lei_31","article","anica","faco",5,1
"lei_31","article","decretou","faco",5,1
"lei_31","article","anica","saber",5,1
"lei_31","article","decretou","saber",5,1
"lei_31","article","faco","saber",5,1
"lei_31","article","anica","sanciono",5,1
"lei_31","article","decretou","sanciono",5,1
"lei_31","article","faco","sanciono",5,1
"lei_31","article","saber","sanciono",5,1
"lei_31","article","empreendedorismo","financiamento",6,0.866
"lei_31","article","desenvolvimento","apoio",8,0.816
"lei_31","article","desenvolvimento","empreendedorismo",8,0.816
"lei_31","article","tecnologia","empresas",4,0.816
"lei_31","article","programa","aticas",4,0.816
"lei_31","article","financiamento","edito",4,0.816
"lei_31","article","conferidas","entra",4,0.8
"lei_31","article","incentivar","objetivos",4,0.8
"lei_31","article","startups","desenvolvimento",10,0.772
"lei_31","article","startups","apoio",8,0.756
"lei_31","article","apoio","empreendedorismo",6,0.75
"lei_31","article","empreendedorismo","objetivo",6,0.75
"lei_31","article","financiamento","incentivar",4,0.73
"lei_31","article","financiamento","objetivos",4,0.73
"lei_31","article","desenvolvimento","financiamento",6,0.707
"lei_31","article","desenvolvimento","tecnologia",6,0.707
"lei_31","article","apoio","empresas",4,0.707
"lei_31","article","empreendedorismo","empresas",4,0.707
"lei_31","article","objetivo","empresas",4,0.707
"lei_31","article","empreendedorismo","edito",4,0.707
"lei_31","article","objetivo","edito",4,0.707
"lei_31","article","capital","conta",2,0.707
"lei_31","article","conta","edito",2,0.707
"lei_31","article","outras","conferidas",4,0.676
"lei_31","article","atividades","fomento",4,0.667
"lei_31","article","fomento","programa",4,0.667
"lei_31","article","atividades","tecnologia",4,0.667
"lei_31","article","fomento","tecnologia",4,0.667
"lei_31","article","startups","fomento",6,0.655
"lei_31","article","startups","programa",6,0.655
"lei_31","article","startups","tecnologia",6,0.655
"lei_31","article","apoio","incentivar",4,0.632
"lei_31","article","empreendedorismo","incentivar",4,0.632
"lei_31","article","apoio","objetivos",4,0.632
"lei_31","article","empreendedorismo","objetivos",4,0.632
"lei_31","article","outras","fomento",4,0.617
"lei_31","article","desenvolvimento","objetivo",6,0.612
"lei_31","article","atividades","edito",3,0.612
"lei_31","article","desenvolvimento","atividades",5,0.589
"lei_31","article","objetivo","atividades",4,0.577
"lei_31","article","apoio","financiamento",4,0.577
"lei_31","article","objetivo","financiamento",4,0.577
"lei_31","article","apoio","tecnologia",4,0.577
"lei_31","article","empreendedorismo","tecnologia",4,0.577
"lei_31","article","objetivo","tecnologia",4,0.577
"lei_31","article","desenvolvimento","empresas",4,0.577
"lei_31","article","desenvolvimento","aticas",4,0.577
"lei_31","article","desenvolvimento","edito",4,0.577
"lei_31","article","financiamento","conta",2,0.577
"lei_31","article","manaus","anica",5,0.577
"lei_31","article","manaus","conferidas",5,0.577
"lei_31","article","manaus","decretou",5,0.577
"lei_31","article","manaus","entra",5,0.577
"lei_31","article","manaus","faco",5,0.577
"lei_31","article","manaus","saber",5,0.577
"lei_31","article","manaus","sanciono",5,0.577
"lei_31","article","startups","empreendedorismo",6,0.567
"lei_31","article","startups","empresas",4,0.535
"lei_31","article","startups","aticas",4,0.535
"lei_31","article","manaus","fomento",5,0.527
"lei_32","article","desenvolvimento","inovacao",5,1
"lei_32","article","inova","programa",4,1
"lei_32","article","egicos","setores",4,1
"lei_32","article","atividades","base",2,1
"lei_32","article","aprovado","comprovem",2,1
"lei_32","article","desenvolvimento","egicos",4,0.894
"lei_32","article","inovacao","egicos",4,0.894
"lei_32","article","desenvolvimento","inova",4,0.894
"lei_32","article","inovacao","inova",4,0.894
"lei_32","article","desenvolvimento","programa",4,0.894
"lei_32","article","inovacao","programa",4,0.894
"lei_32","article","desenvolvimento","setores",4,0.894
"lei_32","article","inovacao","setores",4,0.894
"lei_32","article","egicos","empreendedorismo",3,0.866
"lei_32","article","setores","empreendedorismo",3,0.866
"lei_32","article","fiscal","anual",2,0.816
"lei_32","article","valor","aprovado",2,0.816
"lei_32","article","empreendedorismo","atividades",2,0.816
"lei_32","article","empreendedorismo","base",2,0.816
"lei_32","article","decorrente","cento",2,0.816
"lei_32","article","decorrente","certificado",2,0.816
"lei_32","article","trabalho","comiss",2,0.816
"lei_32","article","fiscal","comprovar",2,0.816
"lei_32","article","valor","comprovem",2,0.816
"lei_32","article","empresas","startups",4,0.8
"lei_32","article","desenvolvimento","empreendedorismo",3,0.775
"lei_32","article","inovacao","empreendedorismo",3,0.775
"lei_32","article","desenvolvimento","trabalho",3,0.775
"lei_32","article","inovacao","trabalho",3,0.775
"lei_32","article","egicos","inova",3,0.75
"lei_32","article","egicos","programa",3,0.75
"lei_32","article","inova","setores",3,0.75
"lei_32","article","programa","setores",3,0.75
"lei_32","article","egicos","atividades",2,0.707
"lei_32","article","setores","atividades",2,0.707
"lei_32","article","egicos","base",2,0.707
"lei_32","article","setores","base",2,0.707
"lei_32","article","egicos","comiss",2,0.707
"lei_32","article","setores","comiss",2,0.707
"lei_32","article","incentivo","comprovar",2,0.707
"lei_32","article","empresas","egicos",3,0.671
"lei_32","article","startups","egicos",3,0.671
"lei_32","article","startups","incentivo",3,0.671
"lei_32","article","startups","inova",3,0.671
"lei_32","article","startups","programa",3,0.671
"lei_32","article","empresas","setores",3,0.671
"lei_32","article","startups","setores",3,0.671
"lei_32","article","decorrente","fiscal",2,0.667
"lei_32","article","decorrente","valor",2,0.667
"lei_32","article","fiscal","valor",2,0.667
"lei_32","article","projeto","administrativas",2,0.632
"lei_32","article","projeto","aprovado",2,0.632
"lei_32","article","empresas","atividades",2,0.632
"lei_32","article","desenvolvimento","atividades",2,0.632
"lei_32","article","inovacao","atividades",2,0.632
"lei_32","article","empresas","base",2,0.632
"lei_32","article","desenvolvimento","base",2,0.632
"lei_32","article","inovacao","base",2,0.632
"lei_32","article","projeto","certificado",2,0.632
"lei_32","article","empresas","comiss",2,0.632
"lei_32","article","desenvolvimento","comiss",2,0.632
"lei_32","article","inovacao","comiss",2,0.632
"lei_32","article","projeto","comprovem",2,0.632
"lei_32","article","empresas","desenvolvimento",3,0.6
"lei_32","article","empresas","inovacao",3,0.6
"lei_32","article","desenvolvimento","startups",3,0.6
"lei_32","article","inovacao","startups",3,0.6
"lei_32","article","incentivo","empreendedorismo",2,0.577
"lei_32","article","inova","empreendedorismo",2,0.577
"lei_32","article","programa","empreendedorismo",2,0.577
"lei_33","article","tecnologia","tecnologica",18,0.832
"lei_33","article","tecnologica","empresas",12,0.784
"lei_33","article","tecnologica","base",13,0.766
"lei_33","article","desenvolvimento","inovador",14,0.764
"lei_33","article","tecnologia","desenvolvimento",19,0.761
"lei_33","article","inovador","sustentabilidade",10,0.714
"lei_33","article","desenvolvimento","sustentabilidade",13,0.709
"lei_33","article","base","empresas",10,0.693
"lei_33","article","tecnologia","base",14,0.686
"lei_33","article","desenvolvimento","empreendedorismo",11,0.677
"lei_33","article","tecnologia","empresas",12,0.653
"lei_33","article","tecnologia","tecnologico",11,0.65
"lei_33","article","desenvolvimento","servicos",11,0.648
"lei_33","article","projeto","atividades",12,0.646
"lei_33","article","inovador","empreendedorismo",8,0.645
"lei_33","article","inovacao","tecnologia",22,0.643
"lei_33","article","inovacao","desenvolvimento",21,0.639
"lei_33","article","sociedade","tecnologico",7,0.636
"lei_33","article","tecnologia","inovador",12,0.629
"lei_33","article","tecnologia","sustentabilidade",12,0.629
"lei_33","article","projeto","base",12,0.626
"lei_33","article","projeto","recursos",12,0.626
"lei_33","article","desenvolvimento","tecnologica",13,0.625
"lei_33","article","fundo","finova",8,0.623
"lei_33","article","tecnologia","servicos",11,0.623
"lei_33","article","desenvolvimento","tecnologico",10,0.615
"lei_33","article","tecnologica","servicos",9,0.612
"lei_33","article","servicos","empreendedorismo",7,0.609
"lei_33","article","servicos","sociedade",7,0.609
"lei_33","article","cidade","sustentabilidade",9,0.601
"lei_33","article","inovacao","cidade",16,0.596
"lei_33","article","inovacao","salvador",21,0.592
"lei_33","article","tecnologia","empreendedorismo",10,0.591
"lei_33","article","tecnologia","sociedade",10,0.591
"lei_33","article","salvador","projeto",15,0.591
"lei_33","article","projeto","tecnologica",12,0.59
"lei_33","article","empresas","sociedade",7,0.585
"lei_33","article","desenvolvimento","atividades",11,0.58
"lei_33","article","salvador","desenvolvimento",15,0.579
"lei_33","article","projeto","empresas",10,0.578
"lei_33","article","inovacao","fundo",15,0.577
"lei_33","article","inovacao","conselho",15,0.577
"lei_33","article","sustentabilidade","empreendedorismo",7,0.564
"lei_33","article","sustentabilidade","sociedade",7,0.564
"lei_33","article","inovacao","tecnologica",16,0.562
"lei_33","article","inovacao","projeto",18,0.56
"lei_33","article","salvador","programa",11,0.556
"lei_33","article","desenvolvimento","sociedade",9,0.554
"lei_33","article","desenvolvimento","projeto",13,0.553
"lei_33","article","conselho","sistema",8,0.552
"lei_33","article","desenvolvimento","sistema",10,0.546
"lei_33","article","empreendedorismo","sociedade",6,0.545
"lei_33","article","empreendedorismo","tecnologico",6,0.545
"lei_33","article","inovador","servicos",7,0.54
"lei_33","article","sustentabilidade","servicos",7,0.54
"lei_33","article","inovacao","atividades",14,0.539
"lei_33","article","salvador","atividades",11,0.537
"lei_33","article","salvador","tecnologica",12,0.535
"lei_33","article","tecnologia","projeto",13,0.532
"lei_33","article","desenvolvimento","interesse",9,0.53
"lei_33","article","base","sociedade",7,0.528
"lei_33","article","cidade","sociedade",7,0.528
"lei_33","article","base","tecnologico",7,0.528
"lei_33","article","salvador","empresas",10,0.524
"lei_33","article","atividades","servicos",7,0.522
"lei_33","article","salvador","tecnologia",14,0.519
"lei_33","article","inovacao","sistema",13,0.518
"lei_33","article","inovacao","sustentabilidade",13,0.518
"lei_33","article","inovacao","servicos",12,0.516
"lei_33","article","cidade","conselho",8,0.516
"lei_34","article","cidades","inteligentes",8,1
"lei_34","article","inovafor","programa",7,0.875
"lei_34","article","cidades","observat",6,0.866
"lei_34","article","inteligentes","observat",6,0.866
"lei_34","article","citinova","fundacao",7,0.837
"lei_34","article","ambiente","experimental",5,0.791
"lei_34","article","inovacao","tecnologia",15,0.737
"lei_34","article","fortaleza","tecnologia",14,0.72
"lei_34","article","inovacao","fortaleza",14,0.637
"lei_34","article","meio","promover",5,0.625
"lei_34","article","inovacao","desenvolvimento",11,0.613
"lei_34","article","ciencia","empreendedorismo",3,0.6
"lei_34","article","desenvolvimento","ciencia",5,0.598
"lei_34","article","desenvolvimento","empreendedorismo",5,0.598
"lei_34","article","inovacao","citinova",9,0.593
"lei_34","article","tecnologia","meio",7,0.583
"lei_34","article","cidades","servicos",4,0.577
"lei_34","article","inteligentes","servicos",4,0.577
"lei_34","article","meio","servicos",4,0.577
"lei_34","article","fortaleza","tecnologico",7,0.577
"lei_34","article","desenvolvimento","inovafor",6,0.567
"lei_34","article","desenvolvimento","programa",6,0.567
"lei_34","article","desenvolvimento","promover",6,0.567
"lei_34","article","citinova","bolsas",4,0.566
"lei_34","article","inovacao","projeto",8,0.556
"lei_34","article","inovacao","fundacao",7,0.552
"lei_34","article","entidades","atividades",4,0.539
"lei_34","article","tecnologia","fundacao",6,0.535
"lei_34","article","tecnologia","tecnologico",6,0.535
"lei_34","article","inovafor","tecnologico",4,0.535
"lei_34","article","meio","tecnologico",4,0.535
"lei_34","article","tecnologia","ciencia",5,0.527
"lei_34","article","tecnologia","inovador",5,0.527
"lei_34","article","tecnologia","citinova",7,0.522
"lei_34","article","inovacao","inovafor",7,0.516
"lei_34","article","inovacao","programa",7,0.516
"lei_34","article","inovacao","promover",7,0.516
"lei_34","article","fundacao","bolsas",3,0.507
"lei_34","article","tecnologico","ciencia",3,0.507
"lei_34","article","tecnologia","desenvolvimento",8,0.504
"lei_34","article","inovacao","entidades",8,0.503
"lei_34","article","tecnologia","ambiente",6,0.5
"lei_34","article","tecnologia","promover",6,0.5
"lei_34","article","ambiente","meio",4,0.5
"lei_34","article","fortaleza","gestao",6,0.495
"lei_34","article","fortaleza","fundacao",6,0.495
"lei_34","article","fortaleza","citinova",7,0.483
"lei_34","article","tecnologia","servicos",5,0.481
"lei_34","article","inovafor","ciencia",3,0.474
"lei_34","article","meio","ciencia",3,0.474
"lei_34","article","programa","ciencia",3,0.474
"lei_34","article","ambiente","inovador",3,0.474
"lei_34","article","meio","inovador",3,0.474
"lei_34","article","inovacao","tecnologico",6,0.473
"lei_34","article","desenvolvimento","meio",5,0.472
"lei_34","article","fortaleza","desenvolvimento",8,0.467
"lei_34","article","inovacao","ciencia",5,0.466
"lei_34","article","fortaleza","meio",6,0.463
"lei_34","article","gestao","servicos",3,0.463
"lei_34","article","desenvolvimento","projeto",5,0.445
"lei_34","article","fortaleza","servicos",5,0.445
"lei_34","article","inovacao","meio",6,0.442
"lei_34","article","ambiente","servicos",3,0.433
"lei_34","article","promover","servicos",3,0.433
"lei_34","article","gestao","inovadoras",3,0.429
"lei_34","article","inovadoras","tecnologico",3,0.429
"lei_34","article","tecnologia","entidades",6,0.426
"lei_34","article","tecnologia","empreendedorismo",4,0.422
"lei_34","article","tecnologia","experimental",4,0.422
"lei_34","article","tecnologia","cidades",5,0.417
"lei_35","article","criador","criao",4,1
"lei_35","article","cidade","desenvolvimento",4,1
"lei_35","article","criador","direito",4,1
"lei_35","article","criao","direito",4,1
"lei_35","article","criador","explorao",4,1
"lei_35","article","criao","explorao",4,1
"lei_35","article","direito","explorao",4,1
"lei_35","article","cidade","inovacao",4,1
"lei_35","article","desenvolvimento","inovacao",4,1
"lei_35","article","criador","inventor",4,1
"lei_35","article","criao","inventor",4,1
"lei_35","article","direito","inventor",4,1
"lei_35","article","explorao","inventor",4,1
"lei_35","article","cidade","medidas",4,1
"lei_35","article","desenvolvimento","medidas",4,1
"lei_35","article","inovacao","medidas",4,1
"lei_35","article","cidade","outras",4,1
"lei_35","article","desenvolvimento","outras",4,1
"lei_35","article","inovacao","outras",4,1
"lei_35","article","medidas","outras",4,1
"lei_35","article","cidade","poltica",4,1
"lei_35","article","desenvolvimento","poltica",4,1
"lei_35","article","inovacao","poltica",4,1
"lei_35","article","medidas","poltica",4,1
"lei_35","article","outras","poltica",4,1
"lei_35","article","criador","projeto",4,1
"lei_35","article","criao","projeto",4,1
"lei_35","article","direito","projeto",4,1
"lei_35","article","explorao","projeto",4,1
"lei_35","article","inventor","projeto",4,1
"lei_35","article","criador","protegida",4,1
"lei_35","article","criao","protegida",4,1
"lei_35","article","direito","protegida",4,1
"lei_35","article","explorao","protegida",4,1
"lei_35","article","inventor","protegida",4,1
"lei_35","article","projeto","protegida",4,1
"lei_35","article","criador","resultados",4,1
"lei_35","article","criao","resultados",4,1
"lei_35","article","direito","resultados",4,1
"lei_35","article","explorao","resultados",4,1
"lei_35","article","inventor","resultados",4,1
"lei_35","article","projeto","resultados",4,1
"lei_35","article","protegida","resultados",4,1
"lei_35","article","criador","seja",4,1
"lei_35","article","criao","seja",4,1
"lei_35","article","direito","seja",4,1
"lei_35","article","explorao","seja",4,1
"lei_35","article","inventor","seja",4,1
"lei_35","article","projeto","seja",4,1
"lei_35","article","protegida","seja",4,1
"lei_35","article","resultados","seja",4,1
"lei_35","article","cidade","sistema",4,1
"lei_35","article","desenvolvimento","sistema",4,1
"lei_35","article","inovacao","sistema",4,1
"lei_35","article","medidas","sistema",4,1
"lei_35","article","outras","sistema",4,1
"lei_35","article","poltica","sistema",4,1
"lei_35","article","criador","tenha",4,1
"lei_35","article","criao","tenha",4,1
"lei_35","article","direito","tenha",4,1
"lei_35","article","explorao","tenha",4,1
"lei_35","article","inventor","tenha",4,1
"lei_35","article","projeto","tenha",4,1
"lei_35","article","protegida","tenha",4,1
"lei_35","article","resultados","tenha",4,1
"lei_35","article","seja","tenha",4,1
"lei_35","article","cidade","vitria",4,1
"lei_35","article","desenvolvimento","vitria",4,1
"lei_35","article","inovacao","vitria",4,1
"lei_35","article","medidas","vitria",4,1
"lei_36","article","comite","gestor",13,0.964
"lei_36","article","ania","programa",16,0.889
"lei_36","article","atividade","limites",5,0.833
"lei_36","article","cgena","comite",12,0.802
"lei_36","article","comite","nova",9,0.802
"lei_36","article","propostas","alise",5,0.772
"lei_36","article","tecnologia","experimentais",5,0.772
"lei_36","article","cgena","gestor",11,0.763
"lei_36","article","sandbox","ania",14,0.757
"lei_36","article","cgena","nova",9,0.75
"lei_36","article","gestor","nova",8,0.74
"lei_36","article","inovacao","tecnologia",5,0.714
"lei_36","article","ania","nova",9,0.707
"lei_36","article","programa","nova",9,0.707
"lei_36","article","sandbox","programa",13,0.703
"lei_36","article","ania","comite",11,0.693
"lei_36","article","programa","comite",11,0.693
"lei_36","article","ambito","inovacao",5,0.668
"lei_36","article","desenvolvimento","negocios",7,0.661
"lei_36","article","ania","gestor",10,0.654
"lei_36","article","programa","gestor",10,0.654
"lei_36","article","programa","cgena",11,0.648
"lei_36","article","sandbox","desenvolvimento",11,0.631
"lei_36","article","ania","inovacao",7,0.624
"lei_36","article","programa","tecnologia",7,0.624
"lei_36","article","tecnologia","empreendedorismo",4,0.617
"lei_36","article","inovacao","experimentais",4,0.617
"lei_36","article","sandbox","negocios",7,0.607
"lei_36","article","ania","cgena",10,0.589
"lei_36","article","ania","desenvolvimento",10,0.589
"lei_36","article","programa","desenvolvimento",10,0.589
"lei_36","article","projeto","ambito",5,0.589
"lei_36","article","ambito","empreendedorismo",4,0.577
"lei_36","article","ambito","servicos",4,0.577
"lei_36","article","ania","experimentais",6,0.577
"lei_36","article","programa","experimentais",6,0.577
"lei_36","article","inovacao","negocios",4,0.571
"lei_36","article","negocios","tecnologia",4,0.571
"lei_36","article","desenvolvimento","inovacao",6,0.567
"lei_36","article","sandbox","experimentais",6,0.562
"lei_36","article","sandbox","comite",9,0.552
"lei_36","article","atividade","acesso",3,0.548
"lei_36","article","atividade","chefe",3,0.548
"lei_36","article","limites","chefe",3,0.548
"lei_36","article","projeto","servicos",4,0.544
"lei_36","article","sandbox","ambiente",7,0.535
"lei_36","article","programa","inovacao",6,0.535
"lei_36","article","ania","negocios",6,0.535
"lei_36","article","programa","negocios",6,0.535
"lei_36","article","ania","tecnologia",6,0.535
"lei_36","article","ambito","tecnologia",4,0.535
"lei_36","article","desenvolvimento","ambito",6,0.53
"lei_36","article","sandbox","inovacao",6,0.52
"lei_36","article","sandbox","tecnologia",6,0.52
"lei_36","article","desenvolvimento","atividade",5,0.51
"lei_36","article","desenvolvimento","entidades",5,0.51
"lei_36","article","desenvolvimento","experimentais",5,0.51
"lei_36","article","cgena","limites",5,0.51
"lei_36","article","desenvolvimento","limites",5,0.51
"lei_36","article","desenvolvimento","servicos",5,0.51
"lei_36","article","sandbox","gestor",8,0.509
"lei_36","article","ambiente","negocios",4,0.504
"lei_36","article","meio","negocios",4,0.504
"lei_36","article","meio","tecnologia",4,0.504
"lei_36","article","cgena","desenvolvimento",8,0.5
"lei_36","article","desenvolvimento","ambiente",6,0.5
"lei_36","article","ania","ambito",6,0.5
"lei_36","article","programa","ambito",6,0.5
"lei_36","article","cada","entidades",3,0.5
"lei_36","article","empreendedorismo","experimentais",3,0.5
"lei_37","article","entidades","rgos",18,1
"lei_37","article","projeto","financiamento",5,0.833
"lei_37","article","desenvolvimento","inovacao",11,0.788
"lei_37","article","contratado","projeto",5,0.772
"lei_37","article","processo","inovador",5,0.772
"lei_37","article","contratao","soluo",5,0.714
"lei_37","article","tecnologia","desenvolvimento",12,0.711
"lei_37","article","inovacao","estmulo",6,0.679
"lei_37","article","inovacao","municpio",6,0.679
"lei_37","article","contrato","contratado",5,0.668
"lei_37","article","entidades","autorizados",8,0.667
"lei_37","article","rgos","autorizados",8,0.667
"lei_37","article","estmulo","municpio",4,0.667
"lei_37","article","tecnologia","entidades",12,0.649
"lei_37","article","tecnologia","rgos",12,0.649
"lei_37","article","tecnologia","contrato",8,0.649
"lei_37","article","encomenda","contratado",5,0.63
"lei_37","article","encomenda","processo",5,0.63
"lei_37","article","podero","processo",5,0.63
"lei_37","article","inovacao","atividades",6,0.629
"lei_37","article","contratado","financiamento",4,0.617
"lei_37","article","atividades","inovador",4,0.617
"lei_37","article","inovacao","captulo",7,0.614
"lei_37","article","tecnologia","encomenda",8,0.612
"lei_37","article","encomenda","contrato",5,0.589
"lei_37","article","desenvolvimento","atividades",6,0.586
"lei_37","article","entidades","meio",7,0.583
"lei_37","article","rgos","meio",7,0.583
"lei_37","article","contrato","projeto",4,0.577
"lei_37","article","atividades","processo",4,0.571
"lei_37","article","processo","soluo",4,0.571
"lei_37","article","inovacao","empresas",5,0.566
"lei_37","article","entidades","podero",7,0.55
"lei_37","article","rgos","podero",7,0.55
"lei_37","article","entidades","desenvolvimento",9,0.548
"lei_37","article","rgos","desenvolvimento",9,0.548
"lei_37","article","desenvolvimento","autorizados",6,0.548
"lei_37","article","desenvolvimento","meio",6,0.548
"lei_37","article","encomenda","inovador",4,0.544
"lei_37","article","contrato","processo",4,0.535
"lei_37","article","desenvolvimento","municpio",5,0.527
"lei_37","article","inovacao","soluo",5,0.524
"lei_37","article","tecnologia","contratado",6,0.52
"lei_37","article","tecnologia","direito",6,0.52
"lei_37","article","tecnologia","entidade",6,0.52
"lei_37","article","tecnologia","processo",6,0.52
"lei_37","article","captulo","empresas",4,0.516
"lei_37","article","captulo","estmulo",4,0.516
"lei_37","article","tecnologia","inovacao",8,0.509
"lei_37","article","encomenda","contratao",4,0.504
"lei_37","article","entidades","contrato",6,0.5
"lei_37","article","rgos","contrato",6,0.5
"lei_37","article","autorizados","meio",4,0.5
"lei_37","article","empresas","estmulo",3,0.5
"lei_37","article","empresas","municpio",3,0.5
"lei_37","article","empresas","processos",3,0.5
"lei_37","article","inovador","processos",3,0.5
"lei_37","article","municpio","processos",3,0.5
"lei_37","article","desenvolvimento","soluo",5,0.488
"lei_37","article","tecnologia","meio",6,0.487
"lei_37","article","entidades","projeto",5,0.481
"lei_37","article","rgos","projeto",5,0.481
"lei_37","article","entidades","financiamento",5,0.481
"lei_37","article","rgos","financiamento",5,0.481
"lei_37","article","tecnologia","inovador",5,0.468
"lei_37","article","criao","empresas",3,0.463
"lei_37","article","soluo","empresas",3,0.463
"lei_37","article","contratao","inovador",3,0.463
"lei_37","article","entidade","inovador",3,0.463
"lei_37","article","soluo","inovador",3,0.463
"lei_38","article","processos","produtos",8,1
"lei_38","article","campo","grande",12,0.923
"lei_38","article","tecnologia","inovacao",21,0.894
"lei_38","article","servicos","transferencia",7,0.783
"lei_38","article","empresas","recursos",8,0.77
"lei_38","article","intelectual","transferencia",6,0.75
"lei_38","article","desenvolvimento","projeto",15,0.722
"lei_38","article","empresas","processos",7,0.714
"lei_38","article","empresas","produtos",7,0.714
"lei_38","article","desenvolvimento","tecnologia",18,0.707
"lei_38","article","recursos","intelectual",6,0.707
"lei_38","article","recursos","processos",6,0.707
"lei_38","article","recursos","produtos",6,0.707
"lei_38","article","empresas","atividades",8,0.696
"lei_38","article","inovacao","fomento",12,0.694
"lei_38","article","tecnologia","fomento",12,0.679
"lei_38","article","tecnologica","intelectual",6,0.671
"lei_38","article","servicos","privadas",6,0.671
"lei_38","article","servicos","processos",6,0.671
"lei_38","article","servicos","produtos",6,0.671
"lei_38","article","projeto","empresas",9,0.65
"lei_38","article","tecnologia","tecnologica",10,0.645
"lei_38","article","desenvolvimento","inovacao",16,0.642
"lei_38","article","empresas","servicos",7,0.639
"lei_38","article","inovacao","tecnologico",11,0.636
"lei_38","article","servicos","recursos",6,0.632
"lei_38","article","financiamento","intelectual",5,0.625
"lei_38","article","privadas","transferencia",5,0.625
"lei_38","article","processos","transferencia",5,0.625
"lei_38","article","produtos","transferencia",5,0.625
"lei_38","article","projeto","tecnologico",9,0.624
"lei_38","article","tecnologia","grande",11,0.623
"lei_38","article","tecnologia","tecnologico",11,0.623
"lei_38","article","fomento","tecnologico",8,0.615
"lei_38","article","tecnologia","projeto",12,0.612
"lei_38","article","empresas","financiamento",6,0.612
"lei_38","article","empresas","lucrativos",6,0.612
"lei_38","article","desenvolvimento","servicos",10,0.609
"lei_38","article","desenvolvimento","tecnologica",10,0.609
"lei_38","article","atividades","recursos",6,0.603
"lei_38","article","inovacao","empresas",10,0.602
"lei_38","article","instituicao","tecnologica",6,0.6
"lei_38","article","tecnologia","empresas",10,0.589
"lei_38","article","financiamento","recursos",5,0.589
"lei_38","article","entidades","lucrativos",5,0.589
"lei_38","article","recursos","transferencia",5,0.589
"lei_38","article","fomento","transferencia",6,0.588
"lei_38","article","tecnologico","transferencia",6,0.588
"lei_38","article","desenvolvimento","tecnologico",11,0.587
"lei_38","article","inovacao","grande",10,0.578
"lei_38","article","tecnologia","privadas",8,0.577
"lei_38","article","tecnologia","transferencia",8,0.577
"lei_38","article","empresas","entidades",6,0.577
"lei_38","article","inovacao","projeto",11,0.573
"lei_38","article","atividades","instituicao",6,0.572
"lei_38","article","tecnologia","campo",10,0.566
"lei_38","article","fomento","empresas",7,0.56
"lei_38","article","servicos","financiamento",5,0.559
"lei_38","article","instituicao","intelectual",5,0.559
"lei_38","article","servicos","intelectual",5,0.559
"lei_38","article","instituicao","privadas",5,0.559
"lei_38","article","tecnologica","transferencia",5,0.559
"lei_38","article","inovacao","entidades",8,0.556
"lei_38","article","desenvolvimento","empresas",10,0.556
"lei_38","article","fomento","entidades",6,0.555
"lei_38","article","tecnologico","entidades",6,0.555
"lei_38","article","fomento","recursos",6,0.555
"lei_38","article","projeto","tecnologica",7,0.553
"lei_38","article","empresas","tecnologica",6,0.548
"lei_38","article","direito","atividades",6,0.545
"lei_39","article","abertura","empresas",2,1
"lei_39","article","desenvolvimento","estmulo",2,1
"lei_39","article","desenvolvimento","promoo",2,1
"lei_39","article","estmulo","promoo",2,1
"lei_39","article","startups","abertura",2,0.816
"lei_39","article","startups","empresas",2,0.816
"lei_39","article","startups","municpio",2,0.816
"lei_39","article","incentivo","desenvolvimento",2,0.707
"lei_39","article","incentivo","estmulo",2,0.707
"lei_39","article","incentivo","investidores",2,0.707
"lei_39","article","incentivo","municpio",2,0.707
"lei_39","article","incentivo","promoo",2,0.707
"lei_39","article","incentivo","sistema",2,0.707
"lei_39","article","incentivo","startups",2,0.577
"lei_39","article","cmara","desenvolvimento",1,0.5
"lei_39","article","cmara","estmulo",1,0.5
"lei_39","article","abertura","investidores",1,0.5
"lei_39","article","empresas","investidores",1,0.5
"lei_39","article","abertura","municpio",1,0.5
"lei_39","article","cmara","municpio",1,0.5
"lei_39","article","desenvolvimento","municpio",1,0.5
"lei_39","article","empresas","municpio",1,0.5
"lei_39","article","estmulo","municpio",1,0.5
"lei_39","article","investidores","municpio",1,0.5
"lei_39","article","cmara","original",1,0.5
"lei_39","article","desenvolvimento","original",1,0.5
"lei_39","article","estmulo","original",1,0.5
"lei_39","article","cmara","promoo",1,0.5
"lei_39","article","municpio","promoo",1,0.5
"lei_39","article","original","promoo",1,0.5
"lei_39","article","desenvolvimento","sistema",1,0.5
"lei_39","article","estmulo","sistema",1,0.5
"lei_39","article","investidores","sistema",1,0.5
"lei_39","article","original","sistema",1,0.5
"lei_39","article","promoo","sistema",1,0.5
"lei_39","article","startups","cmara",1,0.408
"lei_39","article","startups","desenvolvimento",1,0.408
"lei_39","article","startups","estmulo",1,0.408
"lei_39","article","startups","investidores",1,0.408
"lei_39","article","startups","promoo",1,0.408
"lei_39","article","incentivo","abertura",1,0.354
"lei_39","article","incentivo","cmara",1,0.354
"lei_39","article","incentivo","empresas",1,0.354
"lei_39","article","incentivo","original",1,0.354
"lei_40","article","desenvolvimento","inovacao",31,0.829
"lei_40","article","propriedade","intelectual",9,0.783
"lei_40","article","projeto","execucao",11,0.748
"lei_40","article","tecnologia","tecnologica",17,0.697
"lei_40","article","tecnologia","entidades",23,0.677
"lei_40","article","entidades","financiamento",16,0.656
"lei_40","article","financiamento","hipotese",11,0.648
"lei_40","article","desenvolvimento","tecnologia",24,0.641
"lei_40","article","desenvolvimento","entidades",23,0.633
"lei_40","article","transferencia","recursos",12,0.632
"lei_40","article","fomento","termo",9,0.621
"lei_40","article","desenvolvimento","fomento",15,0.612
"lei_40","article","recursos","execucao",9,0.612
"lei_40","article","inovacao","fomento",14,0.611
"lei_40","article","inovacao","recursos",15,0.598
"lei_40","article","desenvolvimento","recursos",16,0.596
"lei_40","article","entidades","meio",14,0.591
"lei_40","article","tecnologica","contrato",8,0.585
"lei_40","article","meio","entidade",8,0.585
"lei_40","article","transferencia","propriedade",9,0.581
"lei_40","article","desenvolvimento","parceria",13,0.57
"lei_40","article","termo","entidade",7,0.564
"lei_40","article","inovacao","parceria",12,0.563
"lei_40","article","inovacao","privadas",12,0.563
"lei_40","article","tecnologia","tecnologico",11,0.561
"lei_40","article","tecnologica","processo",8,0.56
"lei_40","article","financiamento","recursos",10,0.556
"lei_40","article","inovacao","atividades",13,0.549
"lei_40","article","desenvolvimento","termo",13,0.549
"lei_40","article","entidades","tecnologica",13,0.549
"lei_40","article","meio","hipotese",9,0.546
"lei_40","article","inovacao","tecnologia",19,0.543
"lei_40","article","inovacao","termo",12,0.542
"lei_40","article","hipotese","termo",8,0.535
"lei_40","article","projeto","hipotese",9,0.53
"lei_40","article","desenvolvimento","transferencia",15,0.53
"lei_40","article","tecnologia","transferencia",14,0.529
"lei_40","article","atividades","empresas",7,0.528
"lei_40","article","atividades","servicos",7,0.528
"lei_40","article","financiamento","privadas",8,0.523
"lei_40","article","processo","contrato",6,0.522
"lei_40","article","desenvolvimento","financiamento",14,0.522
"lei_40","article","inovacao","financiamento",13,0.518
"lei_40","article","hipotese","fomento",8,0.516
"lei_40","article","financiamento","meio",9,0.514
"lei_40","article","tecnologica","tecnologico",7,0.512
"lei_40","article","tecnologia","contrato",10,0.51
"lei_40","article","entidades","transferencia",13,0.506
"lei_40","article","financiamento","termo",8,0.504
"lei_40","article","projeto","termo",8,0.504
"lei_40","article","desenvolvimento","execucao",11,0.502
"lei_40","article","financiamento","projeto",9,0.5
"lei_40","article","projeto","recursos",9,0.5
"lei_40","article","desenvolvimento","meio",13,0.499
"lei_40","article","desenvolvimento","tecnologica",13,0.499
"lei_40","article","entidades","projeto",12,0.492
"lei_40","article","inovacao","execucao",10,0.488
"lei_40","article","desenvolvimento","projeto",13,0.484
"lei_40","article","entidades","privadas",10,0.483
"lei_40","article","entidades","hipotese",11,0.479
"lei_40","article","inovacao","projeto",12,0.478
"lei_40","article","desenvolvimento","atividades",12,0.474
"lei_40","article","desenvolvimento","hipotese",12,0.474
"lei_40","article","transferencia","financiamento",9,0.474
"lei_40","article","entidades","contrato",9,0.472
"lei_40","article","entidades","empresas",9,0.472
"lei_40","article","entidades","tecnologico",9,0.472
"lei_40","article","transferencia","intelectual",7,0.472
"lei_40","article","inovacao","entidades",16,0.471
"lei_40","article","fomento","intelectual",6,0.467
"lei_41","article","conselho","tecnico",11,1
"lei_41","article","comite","operacional",4,1
"lei_41","article","comite","pode",4,1
"lei_41","article","operacional","pode",4,1
"lei_41","article","ciencia","tecnologica",4,1
"lei_41","article","inovacao","conselho",10,0.87
"lei_41","article","inovacao","tecnico",10,0.87
"lei_41","article","participante","atividade",3,0.866
"lei_41","article","ambientes","experimentais",6,0.857
"lei_41","article","tecnologia","ciencia",4,0.816
"lei_41","article","tecnologia","tecnologica",4,0.816
"lei_41","article","testes","inovador",5,0.791
"lei_41","article","inovador","caso",3,0.775
"lei_41","article","experimentais","tecnologia",5,0.772
"lei_41","article","ambientes","ciencia",4,0.756
"lei_41","article","experimentais","ciencia",4,0.756
"lei_41","article","ambientes","competente",4,0.756
"lei_41","article","ambientes","tecnologica",4,0.756
"lei_41","article","experimentais","tecnologica",4,0.756
"lei_41","article","teresina","ciencia",3,0.75
"lei_41","article","teresina","outros",3,0.75
"lei_41","article","iodo","participante",3,0.75
"lei_41","article","teresina","tecnologica",3,0.75
"lei_41","article","testes","tecnologia",5,0.722
"lei_41","article","testes","iodo",4,0.707
"lei_41","article","testes","participante",4,0.707
"lei_41","article","conselho","desenvolvimento",6,0.684
"lei_41","article","tecnico","desenvolvimento",6,0.684
"lei_41","article","desenvolvimento","entidades",4,0.676
"lei_41","article","ambientes","inovador",4,0.676
"lei_41","article","conselho","entidades",5,0.674
"lei_41","article","tecnico","entidades",5,0.674
"lei_41","article","inovador","ciencia",3,0.671
"lei_41","article","inovador","competente",3,0.671
"lei_41","article","inovador","iodo",3,0.671
"lei_41","article","entidades","resultados",3,0.671
"lei_41","article","inovador","tecnologica",3,0.671
"lei_41","article","testes","desenvolvimento",5,0.668
"lei_41","article","atividade","caso",2,0.667
"lei_41","article","inovacao","ambientes",6,0.655
"lei_41","article","inovacao","experimentais",6,0.655
"lei_41","article","desenvolvimento","atividade",3,0.655
"lei_41","article","experimentais","bancos",3,0.655
"lei_41","article","desenvolvimento","caso",3,0.655
"lei_41","article","inovacao","entidades",5,0.645
"lei_41","article","ambientes","tecnologia",4,0.617
"lei_41","article","desenvolvimento","tecnologia",4,0.617
"lei_41","article","tecnologia","teresina",3,0.612
"lei_41","article","tecnologia","estabelecidos",3,0.612
"lei_41","article","testes","atividade",3,0.612
"lei_41","article","testes","caso",3,0.612
"lei_41","article","conselho","competente",4,0.603
"lei_41","article","tecnico","competente",4,0.603
"lei_41","article","conselho","estabelecidos",4,0.603
"lei_41","article","tecnico","estabelecidos",4,0.603
"lei_41","article","inovacao","tecnologia",5,0.589
"lei_41","article","inovacao","teresina",4,0.577
"lei_41","article","inovacao","ciencia",4,0.577
"lei_41","article","inovacao","competente",4,0.577
"lei_41","article","inovacao","estabelecidos",4,0.577
"lei_41","article","inovacao","norma",4,0.577
"lei_41","article","inovacao","tecnologica",4,0.577
"lei_41","article","comite","atividade",2,0.577
"lei_41","article","iodo","atividade",2,0.577
"lei_41","article","operacional","atividade",2,0.577
"lei_41","article","pode","atividade",2,0.577
"lei_41","article","teresina","caso",2,0.577
"lei_41","article","ciencia","caso",2,0.577
"lei_41","article","comite","caso",2,0.577
"lei_41","article","competente","caso",2,0.577
"lei_42","article","direta","indireta",12,1
"lei_42","article","ecossistema","empreendedorismo",6,1
"lei_42","article","inovacao","tecnologia",15,0.882
"lei_42","article","atividades","apoio",6,0.866
"lei_42","article","financiamento","meio",6,0.857
"lei_42","article","inovacao","empresas",14,0.849
"lei_42","article","inovacao","desenvolvimento",13,0.843
"lei_42","article","empresas","direta",11,0.794
"lei_42","article","empresas","indireta",11,0.794
"lei_42","article","tecnologia","empresas",13,0.788
"lei_42","article","tecnologica","atividades",7,0.783
"lei_42","article","tecnologicos","ambientes",5,0.772
"lei_42","article","curitiba","ecossistema",5,0.772
"lei_42","article","curitiba","empreendedorismo",5,0.772
"lei_42","article","processos","produtos",5,0.772
"lei_42","article","inovacao","tecnologica",10,0.767
"lei_42","article","tecnologia","tecnologica",10,0.767
"lei_42","article","desenvolvimento","atividades",8,0.756
"lei_42","article","atividades","transferencia",6,0.75
"lei_42","article","recursos","transferencia",6,0.75
"lei_42","article","empresas","desenvolvimento",11,0.735
"lei_42","article","transferencia","apoio",5,0.722
"lei_42","article","tecnologica","tecnologicos",6,0.717
"lei_42","article","direta","transferencia",7,0.714
"lei_42","article","indireta","transferencia",7,0.714
"lei_42","article","processos","tecnologicos",5,0.714
"lei_42","article","tecnologia","desenvolvimento",11,0.713
"lei_42","article","desenvolvimento","projeto",8,0.713
"lei_42","article","desenvolvimento","tecnologicos",7,0.707
"lei_42","article","direta","empresa",6,0.707
"lei_42","article","indireta","empresa",6,0.707
"lei_42","article","inovacao","direta",10,0.7
"lei_42","article","tecnologia","direta",10,0.7
"lei_42","article","inovacao","indireta",10,0.7
"lei_42","article","tecnologia","indireta",10,0.7
"lei_42","article","desenvolvimento","direta",9,0.694
"lei_42","article","desenvolvimento","indireta",9,0.694
"lei_42","article","inovacao","atividades",8,0.686
"lei_42","article","tecnologia","atividades",8,0.686
"lei_42","article","tecnologia","transferencia",8,0.686
"lei_42","article","desenvolvimento","tecnologica",8,0.676
"lei_42","article","conselho","curitiba",4,0.676
"lei_42","article","atividades","estimulo",5,0.668
"lei_42","article","transferencia","estimulo",5,0.668
"lei_42","article","recursos","processos",5,0.668
"lei_42","article","transferencia","processos",5,0.668
"lei_42","article","atividades","tecnologicos",5,0.668
"lei_42","article","ambientes","apoio",4,0.667
"lei_42","article","ambientes","ecossistema",4,0.667
"lei_42","article","ambientes","empreendedorismo",4,0.667
"lei_42","article","empresa","produtos",4,0.667
"lei_42","article","desenvolvimento","recursos",7,0.661
"lei_42","article","desenvolvimento","transferencia",7,0.661
"lei_42","article","empresas","estimulo",7,0.661
"lei_42","article","empresas","financiamento",7,0.661
"lei_42","article","empresas","meio",7,0.661
"lei_42","article","desenvolvimento","ambientes",6,0.655
"lei_42","article","desenvolvimento","apoio",6,0.655
"lei_42","article","inovacao","projeto",8,0.647
"lei_42","article","tecnologia","projeto",8,0.647
"lei_42","article","tecnologica","apoio",5,0.645
"lei_42","article","tecnologica","ecossistema",5,0.645
"lei_42","article","tecnologica","empreendedorismo",5,0.645
"lei_42","article","inovacao","curitiba",7,0.642
"lei_42","article","inovacao","estimulo",7,0.642
"lei_42","article","inovacao","tecnologicos",7,0.642
"lei_42","article","tecnologia","tecnologicos",7,0.642
"lei_42","article","projeto","tecnologicos",5,0.63
"lei_42","article","atividades","recursos",5,0.625
"lei_42","article","empresas","atividades",7,0.619
"lei_43","article","ambiente","experimental",3,1
"lei_43","article","deve","modelo",3,1
"lei_43","article","atividade","regulamentada",3,1
"lei_43","article","acesso","ainda",2,1
"lei_43","article","acesso","clientes",2,1
"lei_43","article","ainda","clientes",2,1
"lei_43","article","ambito","constitui",2,1
"lei_43","article","ambito","custos",2,1
"lei_43","article","constitui","custos",2,1
"lei_43","article","ambito","empreendedorismo",2,1
"lei_43","article","constitui","empreendedorismo",2,1
"lei_43","article","custos","empreendedorismo",2,1
"lei_43","article","ambito","empresas",2,1
"lei_43","article","constitui","empresas",2,1
"lei_43","article","custos","empresas",2,1
"lei_43","article","empreendedorismo","empresas",2,1
"lei_43","article","bens","financiamento",2,1
"lei_43","article","desenvolvimento","ocio",4,0.894
"lei_43","article","desenvolvimento","sandbox",4,0.894
"lei_43","article","sandbox","atividade",3,0.866
"lei_43","article","ocio","deve",3,0.866
"lei_43","article","curitiba","funcionamento",3,0.866
"lei_43","article","ocio","inovador",3,0.866
"lei_43","article","sandbox","inovador",3,0.866
"lei_43","article","ocio","modelo",3,0.866
"lei_43","article","sandbox","regulamentada",3,0.866
"lei_43","article","atividade","acesso",2,0.816
"lei_43","article","deve","acesso",2,0.816
"lei_43","article","inovador","acesso",2,0.816
"lei_43","article","modelo","acesso",2,0.816
"lei_43","article","regulamentada","acesso",2,0.816
"lei_43","article","atividade","ainda",2,0.816
"lei_43","article","deve","ainda",2,0.816
"lei_43","article","inovador","ainda",2,0.816
"lei_43","article","modelo","ainda",2,0.816
"lei_43","article","regulamentada","ainda",2,0.816
"lei_43","article","funcionamento","ambito",2,0.816
"lei_43","article","inovador","ambito",2,0.816
"lei_43","article","ambiente","bens",2,0.816
"lei_43","article","experimental","bens",2,0.816
"lei_43","article","inovador","bens",2,0.816
"lei_43","article","atividade","clientes",2,0.816
"lei_43","article","deve","clientes",2,0.816
"lei_43","article","inovador","clientes",2,0.816
"lei_43","article","modelo","clientes",2,0.816
"lei_43","article","regulamentada","clientes",2,0.816
"lei_43","article","funcionamento","constitui",2,0.816
"lei_43","article","inovador","constitui",2,0.816
"lei_43","article","funcionamento","custos",2,0.816
"lei_43","article","inovador","custos",2,0.816
"lei_43","article","funcionamento","empreendedorismo",2,0.816
"lei_43","article","inovador","empreendedorismo",2,0.816
"lei_43","article","funcionamento","empresas",2,0.816
"lei_43","article","inovador","empresas",2,0.816
"lei_43","article","ambiente","financiamento",2,0.816
"lei_43","article","experimental","financiamento",2,0.816
"lei_43","article","inovador","financiamento",2,0.816
"lei_43","article","ambiente","gerais",2,0.816
"lei_43","article","experimental","gerais",2,0.816
"lei_43","article","funcionamento","gerais",2,0.816
"lei_43","article","funcionamento","geral",2,0.816
"lei_43","article","desenvolvimento","atividade",3,0.775
"lei_43","article","desenvolvimento","deve",3,0.775
"lei_43","article","desenvolvimento","inovador",3,0.775
"lei_43","article","desenvolvimento","modelo",3,0.775
"lei_43","article","desenvolvimento","regulamentada",3,0.775
"lei_43","article","curitiba","ocio",3,0.75
"lei_43","article","ocio","sandbox",3,0.75
"lei_43","article","ocio","acesso",2,0.707
"lei_43","article","sandbox","acesso",2,0.707
"lei_44","article","econmico","social",7,0.875
"lei_44","article","criativa","economia",9,0.822
"lei_44","article","criativa","empreendedorismo",8,0.77
"lei_44","article","recursos","aplicao",7,0.746
"lei_44","article","tecnologia","criativa",10,0.745
"lei_44","article","desenvolvimento","visando",8,0.74
"lei_44","article","tecnologia","desenvolvimento",10,0.716
"lei_44","article","criativa","empresas",7,0.714
"lei_44","article","cminova","conselho",5,0.714
"lei_44","article","desenvolvimento","economia",8,0.702
"lei_44","article","desenvolvimento","econmico",7,0.686
"lei_44","article","desenvolvimento","social",7,0.686
"lei_44","article","inovacao","municpio",15,0.65
"lei_44","article","desenvolvimento","criativa",8,0.641
"lei_44","article","recursos","financiamento",7,0.636
"lei_44","article","inovacao","tecnologia",13,0.634
"lei_44","article","economia","empreendedorismo",6,0.632
"lei_44","article","economia","visando",6,0.632
"lei_44","article","visando","direta",5,0.63
"lei_44","article","pblicos","social",5,0.625
"lei_44","article","desenvolvimento","atividades",7,0.614
"lei_44","article","inovacao","projeto",12,0.606
"lei_44","article","tecnologia","empreendedorismo",7,0.602
"lei_44","article","inovacao","criativa",11,0.6
"lei_44","article","atividades","economia",6,0.6
"lei_44","article","economia","direta",5,0.598
"lei_44","article","visando","aplicao",5,0.589
"lei_44","article","empreendedorismo","empresas",5,0.589
"lei_44","article","visando","pblicos",5,0.589
"lei_44","article","visando","social",5,0.589
"lei_44","article","desenvolvimento","pblicos",6,0.588
"lei_44","article","tecnologia","ciencia",6,0.586
"lei_44","article","criativa","visando",6,0.577
"lei_44","article","inovacao","desenvolvimento",11,0.577
"lei_44","article","inovacao","fomenta",11,0.577
"lei_44","article","financiamento","finova",6,0.572
"lei_44","article","finova","fundo",6,0.572
"lei_44","article","tecnologia","economia",7,0.572
"lei_44","article","inovacao","empreendedorismo",9,0.567
"lei_44","article","projeto","recursos",7,0.564
"lei_44","article","projeto","financiamento",7,0.564
"lei_44","article","economia","social",5,0.559
"lei_44","article","tecnologia","empresas",6,0.548
"lei_44","article","criativa","direta",5,0.546
"lei_44","article","criativa","ciencia",5,0.546
"lei_44","article","recursos","fundo",6,0.545
"lei_44","article","inovacao","finova",9,0.538
"lei_44","article","inovacao","economia",9,0.538
"lei_44","article","inovacao","empresas",8,0.535
"lei_44","article","inovacao","pblicos",8,0.535
"lei_44","article","aplicao","direta",4,0.535
"lei_44","article","direta","empresas",4,0.535
"lei_44","article","direta","pblicos",4,0.535
"lei_44","article","direta","social",4,0.535
"lei_44","article","municpio","tecnologia",9,0.533
"lei_44","article","fundo","aplicao",5,0.533
"lei_44","article","municpio","criativa",8,0.53
"lei_44","article","atividades","visando",5,0.527
"lei_44","article","fomenta","finova",6,0.526
"lei_44","article","desenvolvimento","direta",5,0.524
"lei_44","article","desenvolvimento","ciencia",5,0.524
"lei_44","article","fomenta","cminova",5,0.524
"lei_44","article","projeto","desenvolvimento",7,0.519
"lei_44","article","tecnologia","visando",6,0.516
"lei_44","article","criativa","interesse",5,0.51
"lei_44","article","criativa","pblicos",5,0.51
"lei_44","article","criativa","social",5,0.51
"lei_44","article","visando","ciencia",4,0.504
"lei_44","article","fomenta","fundo",6,0.502
"lei_44","article","inovacao","direta",7,0.5
"lei_45","article","deis","subran",13,1
"lei_45","article","limites","salvaguardas",5,0.913
"lei_45","article","atividade","salvaguardas",5,0.845
"lei_45","article","participante","encerramento",4,0.816
"lei_45","article","acesso","ambito",4,0.8
"lei_45","article","economico","inovacao",4,0.8
"lei_45","article","atividade","limites",5,0.772
"lei_45","article","desenvolvimento","atividade",6,0.756
"lei_45","article","atividade","requisitos",4,0.756
"lei_45","article","concedida","encerramento",3,0.75
"lei_45","article","proposta","requisitos",3,0.75
"lei_45","article","proposta","riscos",3,0.75
"lei_45","article","desenvolvimento","economico",5,0.745
"lei_45","article","desenvolvimento","inovacao",5,0.745
"lei_45","article","desenvolvimento","salvaguardas",5,0.745
"lei_45","article","limites","serem",4,0.73
"lei_45","article","sandbox","desenvolvimento",8,0.713
"lei_45","article","propostas","alise",5,0.68
"lei_45","article","desenvolvimento","limites",5,0.68
"lei_45","article","atividade","acesso",4,0.676
"lei_45","article","salvaguardas","concedida",3,0.671
"lei_45","article","serem","meio",3,0.671
"lei_45","article","salvaguardas","proposta",3,0.671
"lei_45","article","acesso","requisitos",3,0.671
"lei_45","article","salvaguardas","requisitos",3,0.671
"lei_45","article","salvaguardas","riscos",3,0.671
"lei_45","article","desenvolvimento","concedida",4,0.667
"lei_45","article","projeto","meio",4,0.667
"lei_45","article","desenvolvimento","requisitos",4,0.667
"lei_45","article","atividade","participante",4,0.617
"lei_45","article","limites","concedida",3,0.612
"lei_45","article","participante","concedida",3,0.612
"lei_45","article","processo","meio",3,0.612
"lei_45","article","limites","proposta",3,0.612
"lei_45","article","processo","proposta",3,0.612
"lei_45","article","limites","requisitos",3,0.612
"lei_45","article","limites","riscos",3,0.612
"lei_45","article","sandbox","atividade",6,0.606
"lei_45","article","atividades","economico",3,0.6
"lei_45","article","acesso","salvaguardas",3,0.6
"lei_45","article","inovacao","salvaguardas",3,0.6
"lei_45","article","salvaguardas","serem",3,0.6
"lei_45","article","sandbox","serem",5,0.598
"lei_45","article","desenvolvimento","acesso",4,0.596
"lei_45","article","desenvolvimento","ambito",4,0.596
"lei_45","article","desenvolvimento","atividades",4,0.596
"lei_45","article","projeto","atividades",4,0.596
"lei_45","article","projeto","serem",4,0.596
"lei_45","article","sandbox","deis",8,0.593
"lei_45","article","sandbox","subran",8,0.593
"lei_45","article","atividade","concedida",3,0.567
"lei_45","article","atividade","encerramento",3,0.567
"lei_45","article","atividade","proposta",3,0.567
"lei_45","article","atividade","riscos",3,0.567
"lei_45","article","deis","alise",5,0.566
"lei_45","article","subran","alise",5,0.566
"lei_45","article","deis","limites",5,0.566
"lei_45","article","subran","limites",5,0.566
"lei_45","article","deis","riscos",4,0.555
"lei_45","article","subran","riscos",4,0.555
"lei_45","article","deis","propostas",6,0.555
"lei_45","article","subran","propostas",6,0.555
"lei_45","article","limites","acesso",3,0.548
"lei_45","article","participante","atividades",3,0.548
"lei_45","article","participante","economico",3,0.548
"lei_45","article","limites","inovacao",3,0.548
"lei_45","article","participante","inovacao",3,0.548
"lei_45","article","participante","salvaguardas",3,0.548
"lei_45","article","sandbox","limites",5,0.546
"lei_45","article","sandbox","processo",5,0.546
"lei_46","article","creative","programa",6,1
"lei_46","article","alegre","porto",3,1
"lei_46","article","alta","tecnologia",3,1
"lei_46","article","egicos","incentivo",2,1
"lei_46","article","egicos","setores",2,1
"lei_46","article","incentivo","setores",2,1
"lei_46","article","cento","decorrente",2,0.816
"lei_46","article","cento","dois",2,0.816
"lei_46","article","iquota","dois",2,0.816
"lei_46","article","alegre","egicos",2,0.816
"lei_46","article","alta","egicos",2,0.816
"lei_46","article","desenvolvimento","egicos",2,0.816
"lei_46","article","porto","egicos",2,0.816
"lei_46","article","tecnologia","egicos",2,0.816
"lei_46","article","inovacao","gabinete",2,0.816
"lei_46","article","alegre","incentivo",2,0.816
"lei_46","article","alta","incentivo",2,0.816
"lei_46","article","desenvolvimento","incentivo",2,0.816
"lei_46","article","porto","incentivo",2,0.816
"lei_46","article","tecnologia","incentivo",2,0.816
"lei_46","article","iquota","processo",2,0.816
"lei_46","article","alegre","setores",2,0.816
"lei_46","article","alta","setores",2,0.816
"lei_46","article","desenvolvimento","setores",2,0.816
"lei_46","article","porto","setores",2,0.816
"lei_46","article","tecnologia","setores",2,0.816
"lei_46","article","empresas","inovacao",3,0.775
"lei_46","article","creative","alta",3,0.707
"lei_46","article","programa","alta",3,0.707
"lei_46","article","creative","tecnologia",3,0.707
"lei_46","article","programa","tecnologia",3,0.707
"lei_46","article","alegre","alta",2,0.667
"lei_46","article","alegre","desenvolvimento",2,0.667
"lei_46","article","alta","desenvolvimento",2,0.667
"lei_46","article","alta","inovacao",2,0.667
"lei_46","article","desenvolvimento","inovacao",2,0.667
"lei_46","article","cento","iquota",2,0.667
"lei_46","article","alta","porto",2,0.667
"lei_46","article","desenvolvimento","porto",2,0.667
"lei_46","article","alegre","tecnologia",2,0.667
"lei_46","article","desenvolvimento","tecnologia",2,0.667
"lei_46","article","inovacao","tecnologia",2,0.667
"lei_46","article","porto","tecnologia",2,0.667
"lei_46","article","empresas","dois",2,0.632
"lei_46","article","empresas","enquadramento",2,0.632
"lei_46","article","empresas","gabinete",2,0.632
"lei_46","article","empresas","servicos",2,0.632
"lei_46","article","creative","decorrente",2,0.577
"lei_46","article","programa","decorrente",2,0.577
"lei_46","article","creative","egicos",2,0.577
"lei_46","article","programa","egicos",2,0.577
"lei_46","article","creative","incentivo",2,0.577
"lei_46","article","programa","incentivo",2,0.577
"lei_46","article","creative","meio",2,0.577
"lei_46","article","programa","meio",2,0.577
"lei_46","article","creative","novos",2,0.577
"lei_46","article","programa","novos",2,0.577
"lei_46","article","creative","servicos",2,0.577
"lei_46","article","programa","servicos",2,0.577
"lei_46","article","creative","setores",2,0.577
"lei_46","article","programa","setores",2,0.577
"lei_46","article","creative","empresas",3,0.548
"lei_46","article","programa","empresas",3,0.548
"lei_46","article","empresas","alta",2,0.516
"lei_46","article","empresas","cento",2,0.516
"lei_46","article","empresas","desenvolvimento",2,0.516
"lei_46","article","empresas","iquota",2,0.516
"lei_46","article","empresas","tecnologia",2,0.516
"lei_46","article","decorrente","dois",1,0.5
"lei_46","article","decorrente","enquadramento",1,0.5
"lei_47","article","alegre","porto",15,1
"lei_47","article","alegre","programa",14,0.966
"lei_47","article","porto","programa",14,0.966
"lei_47","article","sandbox","programa",14,0.935
"lei_47","article","sandbox","alegre",14,0.904
"lei_47","article","sandbox","porto",14,0.904
"lei_47","article","servicos","desenvolvimento",3,0.866
"lei_47","article","servicos","negocios",3,0.866
"lei_47","article","processos","produtos",3,0.866
"lei_47","article","servicos","produtos",3,0.866
"lei_47","article","acompanhamento","projeto",3,0.775
"lei_47","article","processos","servicos",3,0.75
"lei_47","article","inovacao","ambito",3,0.671
"lei_47","article","desenvolvimento","negocios",2,0.667
"lei_47","article","desenvolvimento","produtos",2,0.667
"lei_47","article","negocios","produtos",2,0.667
"lei_47","article","normas","proposta",2,0.667
"lei_47","article","ambiente","normas",3,0.655
"lei_47","article","programa","ambiente",6,0.606
"lei_47","article","alegre","ambiente",6,0.586
"lei_47","article","porto","ambiente",6,0.586
"lei_47","article","ambito","desenvolvimento",2,0.577
"lei_47","article","processos","desenvolvimento",2,0.577
"lei_47","article","ambito","economica",2,0.577
"lei_47","article","ambito","negocios",2,0.577
"lei_47","article","processos","negocios",2,0.577
"lei_47","article","alise","propostas",2,0.577
"lei_47","article","ciclo","resultados",2,0.577
"lei_47","article","sandbox","ambiente",6,0.567
"lei_47","article","sandbox","inovacao",5,0.559
"lei_47","article","programa","ambito",4,0.535
"lei_47","article","programa","processos",4,0.535
"lei_47","article","programa","servicos",4,0.535
"lei_47","article","alegre","ambito",4,0.516
"lei_47","article","porto","ambito",4,0.516
"lei_47","article","alegre","processos",4,0.516
"lei_47","article","porto","processos",4,0.516
"lei_47","article","alegre","servicos",4,0.516
"lei_47","article","porto","servicos",4,0.516
"lei_47","article","inovacao","desenvolvimento",2,0.516
"lei_47","article","inovacao","normas",2,0.516
"lei_47","article","inovacao","produtos",2,0.516
"lei_47","article","inovacao","projeto",2,0.516
"lei_47","article","ambiente","experimental",3,0.507
"lei_47","article","ambiente","inovacao",3,0.507
"lei_47","article","sandbox","ambito",4,0.5
"lei_47","article","sandbox","processos",4,0.5
"lei_47","article","sandbox","servicos",4,0.5
"lei_47","article","ambito","servicos",2,0.5
"lei_47","article","programa","inovacao",4,0.478
"lei_47","article","interesse","ambientes",2,0.471
"lei_47","article","interesse","apresentar",2,0.471
"lei_47","article","interesse","normas",2,0.471
"lei_47","article","interesse","proposta",2,0.471
"lei_47","article","ambiente","interesse",3,0.463
"lei_47","article","programa","desenvolvimento",3,0.463
"lei_47","article","programa","economica",3,0.463
"lei_47","article","programa","negocios",3,0.463
"lei_47","article","programa","produtos",3,0.463
"lei_47","article","alegre","inovacao",4,0.462
"lei_47","article","porto","inovacao",4,0.462
"lei_47","article","sandbox","acompanhamento",4,0.447
"lei_47","article","alegre","desenvolvimento",3,0.447
"lei_47","article","porto","desenvolvimento",3,0.447
"lei_47","article","alegre","economica",3,0.447
"lei_47","article","porto","economica",3,0.447
"lei_47","article","alegre","negocios",3,0.447
"lei_47","article","porto","negocios",3,0.447
"lei_47","article","alegre","produtos",3,0.447
"lei_47","article","porto","produtos",3,0.447
"lei_48","article","florian","opolis",25,1
"lei_48","article","incentivo","programa",13,0.897
"lei_48","article","desenvolvimento","tecnologia",24,0.751
"lei_48","article","desenvolvimento","economico",20,0.748
"lei_48","article","economico","secretaria",12,0.726
"lei_48","article","fundo","financiamento",12,0.694
"lei_48","article","projeto","recursos",17,0.682
"lei_48","article","tecnologia","economico",17,0.677
"lei_48","article","inovacao","desenvolvimento",28,0.666
"lei_48","article","tecnologia","sustentabilidade",19,0.644
"lei_48","article","desenvolvimento","sustentabilidade",20,0.637
"lei_48","article","florian","prefeitura",10,0.632
"lei_48","article","opolis","prefeitura",10,0.632
"lei_48","article","sustentabilidade","secretaria",12,0.618
"lei_48","article","empresas","arranjos",7,0.614
"lei_48","article","sustentabilidade","economico",15,0.608
"lei_48","article","inovacao","tecnologia",24,0.608
"lei_48","article","tecnologia","secretaria",12,0.608
"lei_48","article","sustentabilidade","plano",13,0.585
"lei_48","article","desenvolvimento","secretaria",12,0.571
"lei_48","article","desenvolvimento","visando",11,0.569
"lei_48","article","inovacao","conselho",16,0.555
"lei_48","article","instituicao","outros",7,0.553
"lei_48","article","conselho","arranjos",7,0.553
"lei_48","article","inovacao","recursos",19,0.549
"lei_48","article","desenvolvimento","florian",16,0.549
"lei_48","article","desenvolvimento","opolis",16,0.549
"lei_48","article","inovacao","economico",18,0.545
"lei_48","article","inovacao","sustentabilidade",21,0.541
"lei_48","article","inovacao","incentivo",15,0.537
"lei_48","article","inovacao","projeto",20,0.534
"lei_48","article","projeto","fundo",13,0.522
"lei_48","article","inovacao","fundo",18,0.52
"lei_48","article","sistema","empresas",7,0.519
"lei_48","article","sistema","arranjos",6,0.507
"lei_48","article","tecnologia","conselho",11,0.502
"lei_48","article","instituicao","empresas",7,0.485
"lei_48","article","florian","interesse",8,0.482
"lei_48","article","opolis","interesse",8,0.482
"lei_48","article","inovacao","programa",13,0.482
"lei_48","article","inovacao","sistema",13,0.482
"lei_48","article","desenvolvimento","empresas",10,0.476
"lei_48","article","inovacao","florian",17,0.471
"lei_48","article","inovacao","opolis",17,0.471
"lei_48","article","conselho","sistema",7,0.468
"lei_48","article","inovacao","servicos",13,0.465
"lei_48","article","desenvolvimento","recursos",13,0.465
"lei_48","article","inovacao","empresas",12,0.462
"lei_48","article","inovacao","secretaria",12,0.462
"lei_48","article","tecnologia","instituicao",10,0.456
"lei_48","article","instituicao","servicos",7,0.452
"lei_48","article","inovacao","instituicao",13,0.451
"lei_48","article","florian","instituicao",9,0.45
"lei_48","article","opolis","instituicao",9,0.45
"lei_48","article","florian","atividades",8,0.444
"lei_48","article","opolis","atividades",8,0.444
"lei_48","article","florian","empresas",8,0.444
"lei_48","article","opolis","empresas",8,0.444
"lei_48","article","inovacao","arranjos",10,0.439
"lei_48","article","empresas","outros",5,0.439
"lei_48","article","tecnologia","florian",12,0.438
"lei_48","article","tecnologia","opolis",12,0.438
"lei_48","article","fundo","recursos",10,0.435
"lei_48","article","desenvolvimento","conselho",10,0.429
"lei_48","article","desenvolvimento","instituicao",10,0.429
"lei_48","article","desenvolvimento","atividades",9,0.428
"lei_48","article","projeto","financiamento",8,0.427
"lei_48","article","projeto","florian",11,0.423
"lei_48","article","projeto","opolis",11,0.423
"lei_48","article","inovacao","atividades",11,0.423
"lei_49","article","inovacao","tecnologia",39,0.888
"lei_49","article","instituicao","ensino",11,0.77
"lei_49","article","ciencia","tecnologica",13,0.743
"lei_49","article","ciencia","empreendedorismo",11,0.693
"lei_49","article","inovacao","desenvolvimento",25,0.689
"lei_49","article","desenvolvimento","ciencia",15,0.668
"lei_49","article","tecnologia","ciencia",18,0.663
"lei_49","article","tecnologica","base",9,0.658
"lei_49","article","financiamento","recursos",12,0.655
"lei_49","article","desenvolvimento","aracaju",18,0.655
"lei_49","article","tecnologia","tecnologica",17,0.644
"lei_49","article","ciencia","criativa",10,0.63
"lei_49","article","fmcti","recursos",10,0.63
"lei_49","article","empresas","base",10,0.629
"lei_49","article","desenvolvimento","servicos",14,0.624
"lei_49","article","tecnologia","desenvolvimento",21,0.62
"lei_49","article","inovacao","ciencia",18,0.619
"lei_49","article","ciencia","ensino",9,0.612
"lei_49","article","fmcti","fundo",9,0.612
"lei_49","article","empresas","instituicao",12,0.607
"lei_49","article","empresas","tecnologica",12,0.607
"lei_49","article","empresas","ensino",10,0.602
"lei_49","article","tecnologia","aracaju",20,0.601
"lei_49","article","desenvolvimento","ensino",11,0.6
"lei_49","article","empresas","servicos",12,0.59
"lei_49","article","aracaju","ciencia",13,0.59
"lei_49","article","inovacao","aracaju",21,0.59
"lei_49","article","tecnologica","criativa",9,0.583
"lei_49","article","tecnologica","empreendedorismo",9,0.583
"lei_49","article","ensino","entidades",7,0.583
"lei_49","article","inovacao","cmcti",16,0.566
"lei_49","article","inovacao","tecnologica",16,0.566
"lei_49","article","criativa","chisci",7,0.564
"lei_49","article","financiamento","projeto",12,0.562
"lei_49","article","aracaju","meio",12,0.56
"lei_49","article","instituicao","entidades",8,0.56
"lei_49","article","ciencia","servicos",10,0.556
"lei_49","article","desenvolvimento","meio",12,0.55
"lei_49","article","inovacao","empreendedorismo",14,0.546
"lei_49","article","tecnologia","criativa",13,0.543
"lei_49","article","tecnologia","empreendedorismo",13,0.543
"lei_49","article","financiamento","fmcti",11,0.529
"lei_49","article","tecnologia","empresas",16,0.521
"lei_49","article","inovacao","empresas",17,0.517
"lei_49","article","servicos","tecnologica",9,0.514
"lei_49","article","aracaju","empreendedorismo",10,0.514
"lei_49","article","desenvolvimento","empresas",13,0.512
"lei_49","article","instituicao","base",7,0.512
"lei_49","article","inovacao","criativa",13,0.507
"lei_49","article","desenvolvimento","empreendedorismo",10,0.505
"lei_49","article","desenvolvimento","instituicao",11,0.504
"lei_49","article","desenvolvimento","tecnologica",11,0.504
"lei_49","article","servicos","atividades",8,0.504
"lei_49","article","servicos","empreendedorismo",8,0.504
"lei_49","article","criativa","empreendedorismo",7,0.5
"lei_49","article","atividades","recursos",7,0.5
"lei_49","article","aracaju","servicos",11,0.499
"lei_49","article","inovacao","meio",14,0.495
"lei_49","article","tecnologia","cmcti",13,0.492
"lei_49","article","meio","ensino",7,0.49
"lei_49","article","empresas","incentivos",8,0.482
"lei_49","article","tecnologia","servicos",13,0.479
"lei_49","article","inovacao","financiamento",16,0.476
"lei_49","article","servicos","ensino",7,0.476
"lei_49","article","desenvolvimento","serem",9,0.472
"lei_49","article","tecnologia","chisci",10,0.471
"lei_49","article","meio","instituicao",8,0.471
"lei_49","article","instituicao","tecnologica",8,0.471
"lei_49","article","plano","chisci",6,0.467
"lei_49","article","aracaju","tecnologica",10,0.467
"lei_50","article","ambientes","programa",6,1
"lei_50","article","ambientes","sampa",6,1
"lei_50","article","programa","sampa",6,1
"lei_50","article","ambientes","sandbox",6,1
"lei_50","article","programa","sandbox",6,1
"lei_50","article","sampa","sandbox",6,1
"lei_50","article","inovacao","tecnologia",6,1
"lei_50","article","comite","gestor",5,1
"lei_50","article","bancos","ciencia",4,1
"lei_50","article","bancos","tecnologica",4,1
"lei_50","article","ciencia","tecnologica",4,1
"lei_50","article","bancos","testes",4,1
"lei_50","article","ciencia","testes",4,1
"lei_50","article","tecnologica","testes",4,1
"lei_50","article","ambito","empreendedorismo",3,1
"lei_50","article","ambito","modelo",3,1
"lei_50","article","empreendedorismo","modelo",3,1
"lei_50","article","inovacao","paulo",5,0.913
"lei_50","article","paulo","tecnologia",5,0.913
"lei_50","article","ambientes","experimentais",5,0.913
"lei_50","article","inovacao","experimentais",5,0.913
"lei_50","article","programa","experimentais",5,0.913
"lei_50","article","sampa","experimentais",5,0.913
"lei_50","article","sandbox","experimentais",5,0.913
"lei_50","article","tecnologia","experimentais",5,0.913
"lei_50","article","experimentais","bancos",4,0.894
"lei_50","article","experimentais","ciencia",4,0.894
"lei_50","article","paulo","instituicao",4,0.894
"lei_50","article","experimentais","instituicao",4,0.894
"lei_50","article","experimentais","projeto",4,0.894
"lei_50","article","experimentais","tecnologica",4,0.894
"lei_50","article","experimentais","testes",4,0.894
"lei_50","article","bancos","ambito",3,0.866
"lei_50","article","ciencia","ambito",3,0.866
"lei_50","article","instituicao","ambito",3,0.866
"lei_50","article","tecnologica","ambito",3,0.866
"lei_50","article","testes","ambito",3,0.866
"lei_50","article","bancos","empreendedorismo",3,0.866
"lei_50","article","ciencia","empreendedorismo",3,0.866
"lei_50","article","instituicao","empreendedorismo",3,0.866
"lei_50","article","tecnologica","empreendedorismo",3,0.866
"lei_50","article","testes","empreendedorismo",3,0.866
"lei_50","article","bancos","modelo",3,0.866
"lei_50","article","ciencia","modelo",3,0.866
"lei_50","article","instituicao","modelo",3,0.866
"lei_50","article","tecnologica","modelo",3,0.866
"lei_50","article","testes","modelo",3,0.866
"lei_50","article","projeto","urbana",3,0.866
"lei_50","article","ambientes","inovacao",5,0.833
"lei_50","article","inovacao","programa",5,0.833
"lei_50","article","inovacao","sampa",5,0.833
"lei_50","article","inovacao","sandbox",5,0.833
"lei_50","article","ambientes","tecnologia",5,0.833
"lei_50","article","programa","tecnologia",5,0.833
"lei_50","article","sampa","tecnologia",5,0.833
"lei_50","article","sandbox","tecnologia",5,0.833
"lei_50","article","ambientes","bancos",4,0.816
"lei_50","article","inovacao","bancos",4,0.816
"lei_50","article","programa","bancos",4,0.816
"lei_50","article","sampa","bancos",4,0.816
"lei_50","article","sandbox","bancos",4,0.816
"lei_50","article","tecnologia","bancos",4,0.816
"lei_50","article","ambientes","ciencia",4,0.816
"lei_50","article","inovacao","ciencia",4,0.816
"lei_50","article","programa","ciencia",4,0.816
"lei_50","article","sampa","ciencia",4,0.816
"lei_50","article","sandbox","ciencia",4,0.816
"lei_50","article","tecnologia","ciencia",4,0.816
"lei_50","article","ambientes","instituicao",4,0.816
"lei_50","article","inovacao","instituicao",4,0.816
"lei_51","article","trabalho","plano",10,0.953
"lei_51","article","desenvolvimento","inovacao",23,0.81
"lei_51","article","cumprimento","plano",8,0.8
"lei_51","article","cumprimento","trabalho",8,0.763
"lei_51","article","execucao","plano",10,0.745
"lei_51","article","projeto","execucao",16,0.74
"lei_51","article","execucao","trabalho",10,0.711
"lei_51","article","metas","plano",7,0.7
"lei_51","article","projeto","financiamento",13,0.681
"lei_51","article","execucao","cumprimento",9,0.671
"lei_51","article","trabalho","metas",7,0.667
"lei_51","article","projeto","concedente",15,0.658
"lei_51","article","resultados","metas",7,0.639
"lei_51","article","concedente","eletr",9,0.636
"lei_51","article","concedente","plano",9,0.636
"lei_51","article","projeto","objeto",14,0.63
"lei_51","article","recursos","financiamento",9,0.621
"lei_51","article","concedente","objeto",12,0.616
"lei_51","article","objeto","entidade",10,0.613
"lei_51","article","execucao","recursos",10,0.609
"lei_51","article","projeto","recursos",12,0.608
"lei_51","article","concedente","trabalho",9,0.607
"lei_51","article","cumprimento","metas",6,0.6
"lei_51","article","desenvolvimento","projeto",17,0.599
"lei_51","article","objeto","execucao",11,0.595
"lei_51","article","projeto","desde",10,0.591
"lei_51","article","projeto","trabalho",10,0.591
"lei_51","article","objeto","cumprimento",8,0.58
"lei_51","article","objeto","despesas",8,0.58
"lei_51","article","objeto","plano",8,0.58
"lei_51","article","concedente","execucao",11,0.58
"lei_51","article","recursos","convenio",7,0.572
"lei_51","article","financiamento","hipotese",8,0.571
"lei_51","article","projeto","meio",10,0.566
"lei_51","article","concedente","cumprimento",8,0.566
"lei_51","article","concedente","metas",8,0.566
"lei_51","article","projeto","cumprimento",9,0.558
"lei_51","article","inovacao","convenio",9,0.558
"lei_51","article","projeto","plano",9,0.558
"lei_51","article","inovacao","recursos",11,0.557
"lei_51","article","objeto","desde",8,0.553
"lei_51","article","objeto","trabalho",8,0.553
"lei_51","article","objeto","hipotese",9,0.552
"lei_51","article","desenvolvimento","execucao",13,0.55
"lei_51","article","resultados","cumprimento",6,0.548
"lei_51","article","recursos","trabalho",7,0.545
"lei_51","article","financiamento","entidades",7,0.54
"lei_51","article","entidade","meio",7,0.54
"lei_51","article","concedente","desde",8,0.539
"lei_51","article","inovacao","projeto",14,0.538
"lei_51","article","desenvolvimento","objeto",13,0.536
"lei_51","article","tecnologia","encomenda",8,0.528
"lei_51","article","projeto","entidade",10,0.524
"lei_51","article","projeto","hipotese",10,0.524
"lei_51","article","execucao","metas",7,0.522
"lei_51","article","concedente","recursos",9,0.52
"lei_51","article","desenvolvimento","convenio",9,0.511
"lei_51","article","desenvolvimento","recursos",11,0.51
"lei_51","article","projeto","instituicao",9,0.51
"lei_51","article","projeto","resultados",9,0.51
"lei_51","article","inovacao","execucao",11,0.508
"lei_51","article","objeto","metas",7,0.508
"lei_51","article","entidade","cumprimento",6,0.507
"lei_51","article","entidade","despesas",6,0.507
"lei_51","article","hipotese","despesas",6,0.507
"lei_51","article","entidade","processo",6,0.507
"lei_51","article","execucao","financiamento",8,0.504
"lei_51","article","entidade","hipotese",7,0.5
"lei_51","article","projeto","eletr",8,0.496
"lei_51","article","projeto","metas",8,0.496
"lei_52","article","desenvolvimento","economico",13,1
"lei_52","article","areas","cento",3,0.866
"lei_52","article","financiamento","programas",5,0.833
"lei_52","article","programas","projeto",5,0.833
"lei_52","article","programas","areas",4,0.816
"lei_52","article","membros","dois",4,0.756
"lei_52","article","inovacao","fundo",4,0.756
"lei_52","article","membros","presidente",4,0.756
"lei_52","article","empresas","execucao",3,0.75
"lei_52","article","empresas","incentivos",3,0.75
"lei_52","article","execucao","incentivos",3,0.75
"lei_52","article","dois","presidente",3,0.75
"lei_52","article","desenvolvimento","inovacao",7,0.734
"lei_52","article","economico","inovacao",7,0.734
"lei_52","article","projeto","administrativa",3,0.707
"lei_52","article","financiamento","bens",3,0.707
"lei_52","article","financiamento","cento",3,0.707
"lei_52","article","programas","cento",3,0.707
"lei_52","article","programas","cess",3,0.707
"lei_52","article","projeto","cess",3,0.707
"lei_52","article","desenvolvimento","financiamento",6,0.679
"lei_52","article","economico","financiamento",6,0.679
"lei_52","article","desenvolvimento","programas",6,0.679
"lei_52","article","economico","programas",6,0.679
"lei_52","article","desenvolvimento","projeto",6,0.679
"lei_52","article","economico","projeto",6,0.679
"lei_52","article","inovacao","palmas",4,0.676
"lei_52","article","membros","reuni",4,0.676
"lei_52","article","palmas","fundo",3,0.671
"lei_52","article","reuni","presidente",3,0.671
"lei_52","article","financiamento","projeto",4,0.667
"lei_52","article","bens","cento",2,0.667
"lei_52","article","membros","sociedade",3,0.655
"lei_52","article","inovacao","cess",3,0.655
"lei_52","article","desenvolvimento","palmas",5,0.62
"lei_52","article","economico","palmas",5,0.62
"lei_52","article","inovacao","programas",4,0.617
"lei_52","article","inovacao","projeto",4,0.617
"lei_52","article","financiamento","areas",3,0.612
"lei_52","article","projeto","areas",3,0.612
"lei_52","article","conselho","caso",3,0.612
"lei_52","article","financiamento","empresas",3,0.612
"lei_52","article","programas","empresas",3,0.612
"lei_52","article","financiamento","execucao",3,0.612
"lei_52","article","programas","execucao",3,0.612
"lei_52","article","projeto","execucao",3,0.612
"lei_52","article","financiamento","incentivos",3,0.612
"lei_52","article","programas","incentivos",3,0.612
"lei_52","article","financiamento","recursos",3,0.612
"lei_52","article","programas","recursos",3,0.612
"lei_52","article","projeto","recursos",3,0.612
"lei_52","article","execucao","administrativa",2,0.577
"lei_52","article","areas","bens",2,0.577
"lei_52","article","empresas","bens",2,0.577
"lei_52","article","execucao","bens",2,0.577
"lei_52","article","incentivos","bens",2,0.577
"lei_52","article","empresas","cento",2,0.577
"lei_52","article","execucao","cento",2,0.577
"lei_52","article","incentivos","cento",2,0.577
"lei_52","article","recursos","cento",2,0.577
"lei_52","article","areas","cess",2,0.577
"lei_52","article","empresas","cess",2,0.577
"lei_52","article","execucao","cess",2,0.577
"lei_52","article","incentivos","cess",2,0.577
"lei_52","article","recursos","cess",2,0.577
"lei_52","article","dois","chefe",2,0.577
"lei_52","article","presidente","chefe",2,0.577
"lei_52","article","inovacao","incentivos",3,0.567
"lei_52","article","desenvolvimento","areas",4,0.555
"lei_52","article","economico","areas",4,0.555
